province_name,year,month,date,rainfall_mm,monthly_mean,rainfall_anomaly,rainfall_zscore
Soc Trang,2020,1,2020-01-01,0.7172544504041958,7.6880297391883134,-6.970775288784118,-0.8173045295145737
Tra Vinh,2020,1,2020-01-01,0.774970426458581,5.741213452351571,-4.96624302589299,-0.7698441495251016
Vinh Long,2020,1,2020-01-01,1.785697504014168,6.580184768412957,-4.794487264398789,-0.6053474899533264
Bac Lieu,2020,1,2020-01-01,4.998311269989964,12.794831310783696,-7.796520040793732,-0.6486748722923438
Ca Mau,2020,1,2020-01-01,7.398649494535424,16.230701294998156,-8.832051800462732,-0.6995605400716947
Can Tho city,2020,1,2020-01-01,6.9835745664124165,11.194913780077384,-4.211339213664967,-0.4119972122606905
Hau Giang,2020,1,2020-01-01,5.709187711234945,11.448785331304839,-5.739597620069894,-0.5241433919177243
An Giang,2020,1,2020-01-01,7.956520706373068,12.030315756014593,-4.073795049641525,-0.4102210858882359
Ben Tre,2020,1,2020-01-01,0.2645710582840612,5.404344217723889,-5.1397731594398275,-0.7420628657645186
Dong Thap,2020,1,2020-01-01,7.146864374942806,10.613703675909454,-3.4668393009666483,-0.3732038026444278
Kien Giang,2020,1,2020-01-01,9.628419761285404,16.630493507464067,-7.002073746178663,-0.4716544740010815
Long An,2020,1,2020-01-01,6.799713444484361,11.221115970430265,-4.421402525945904,-0.5142865578621965
Tien Giang,2020,1,2020-01-01,2.10091758580502,6.410953079547847,-4.310035493742827,-0.6172205405001752
Soc Trang,2020,2,2020-02-01,2.2464283523754958,5.972682936447796,-3.7262545840723,-0.8145987181626128
Tra Vinh,2020,2,2020-02-01,0.3696481735626741,2.5931895193082424,-2.223541345745568,-0.7825562734886615
Vinh Long,2020,2,2020-02-01,0.153938468216457,4.195738415120273,-4.041799946903816,-1.0060786777824915
Bac Lieu,2020,2,2020-02-01,0.6213219773520525,5.961832429383697,-5.340510452031644,-0.973855052762845
Ca Mau,2020,2,2020-02-01,0.8290618050251908,6.862763033455981,-6.0337012284307905,-0.8807741286238809
Can Tho city,2020,2,2020-02-01,0.6534083778021298,5.587269902071623,-4.933861524269493,-0.9702802550450017
Hau Giang,2020,2,2020-02-01,1.2406777516876206,6.152568279818326,-4.911890528130706,-0.9238462749593419
An Giang,2020,2,2020-02-01,1.0868730161639868,9.530363498112969,-8.443490481948983,-0.9954841022652317
Ben Tre,2020,2,2020-02-01,1.9060762108228215,3.882770202044445,-1.9766939912216235,-0.7439273744316441
Dong Thap,2020,2,2020-02-01,0.2155215475065255,6.367224494993593,-6.151702947487068,-1.041682409940402
Kien Giang,2020,2,2020-02-01,1.6622276696570304,10.84326657686892,-9.18103890721189,-0.9492435096778234
Long An,2020,2,2020-02-01,0.3793498289011621,5.883360655482852,-5.504010826581689,-1.0336687163720657
Tien Giang,2020,2,2020-02-01,1.759388145807164,5.118676452038725,-3.3592883062315613,-0.9744702419732472
Soc Trang,2020,3,2020-03-01,8.702472483880312,15.99497164745216,-7.292499163571849,-0.4059462652473511
Tra Vinh,2020,3,2020-03-01,4.892881892929053,8.97210953238874,-4.079227639459687,-0.30283820717845844
Vinh Long,2020,3,2020-03-01,3.814159665827429,9.479155288308448,-5.664995622481019,-0.4067447190789974
Bac Lieu,2020,3,2020-03-01,13.242444836742964,21.581043335771263,-8.338598499028299,-0.3893344705498052
Ca Mau,2020,3,2020-03-01,24.05512932220665,27.077905472937893,-3.022776150731243,-0.11963459428907429
Can Tho city,2020,3,2020-03-01,8.924084048529062,20.561978881302434,-11.637894832773371,-0.4163430903343041
Hau Giang,2020,3,2020-03-01,11.624599942128947,22.84759487238667,-11.222994930257721,-0.43196342777072866
An Giang,2020,3,2020-03-01,16.58136032710398,35.147584256100636,-18.566223928996656,-0.38113318616484354
Ben Tre,2020,3,2020-03-01,5.161679109836435,9.80827491550018,-4.646595805663744,-0.31707417567125495
Dong Thap,2020,3,2020-03-01,10.725001914974625,25.134963783076305,-14.40996186810168,-0.3962741372405761
Kien Giang,2020,3,2020-03-01,17.192027833696784,36.63712057374478,-19.445092740047997,-0.43233873266280487
Long An,2020,3,2020-03-01,7.788442288116432,22.79723346485077,-15.008791176734338,-0.42085125685731695
Tien Giang,2020,3,2020-03-01,5.825247466984045,13.365038827504671,-7.539791360520626,-0.3942796743898928
Soc Trang,2020,4,2020-04-01,32.83476264381497,66.70604570787289,-33.87128306405792,-0.562059513154183
Tra Vinh,2020,4,2020-04-01,19.50461090460904,42.92728777741103,-23.42267687280199,-0.5407612398248092
Vinh Long,2020,4,2020-04-01,27.67250588308828,58.79252006874107,-31.12001418565279,-0.5318794840449683
Bac Lieu,2020,4,2020-04-01,50.75578193942143,88.21842665642214,-37.46264471700071,-0.5199179150949069
Ca Mau,2020,4,2020-04-01,70.38556876043306,105.88089944388848,-35.49533068345542,-0.43612922605793586
Can Tho city,2020,4,2020-04-01,56.90445479394811,82.364062877295,-25.459608083346886,-0.40825186657698437
Hau Giang,2020,4,2020-04-01,48.23804371839306,86.99123858114103,-38.753194862747975,-0.5266735031537625
An Giang,2020,4,2020-04-01,110.02433546216722,109.16906990954871,0.8552655526185049,0.012139847173778652
Ben Tre,2020,4,2020-04-01,17.382673911737378,38.79695303889365,-21.41427912715627,-0.5100839589535144
Dong Thap,2020,4,2020-04-01,76.3810053099125,90.7125820971751,-14.331576787262605,-0.21679436441955027
Kien Giang,2020,4,2020-04-01,104.38226952863124,127.17557781435383,-22.79330828572259,-0.2550540530296563
Long An,2020,4,2020-04-01,62.62153791134472,89.72440253615437,-27.102864624809655,-0.35930806526889714
Tien Giang,2020,4,2020-04-01,31.230144810372817,59.075908259042556,-27.84576344866974,-0.48812076968139256
Soc Trang,2020,5,2020-05-01,99.99292801093948,194.01699312691792,-94.02406511597844,-1.565949469560523
Tra Vinh,2020,5,2020-05-01,70.30687859582304,169.47884600883512,-99.17196741301208,-1.509269178464099
Vinh Long,2020,5,2020-05-01,87.29446752933498,170.5043480668226,-83.2098805374876,-1.4496102772572799
Bac Lieu,2020,5,2020-05-01,107.86535247002786,205.53150745808225,-97.66615498805439,-1.6238993858683897
Ca Mau,2020,5,2020-05-01,100.7075075676036,206.70313091945937,-105.99562335185577,-1.5960482557438502
Can Tho city,2020,5,2020-05-01,95.8598151492284,162.59051541897907,-66.73070026975067,-1.3111743889019416
Hau Giang,2020,5,2020-05-01,107.05023434095855,193.02898950661285,-85.97875516565429,-1.5709197911887778
An Giang,2020,5,2020-05-01,93.92769535072937,151.61600069956518,-57.68830534883581,-1.3318977137677062
Ben Tre,2020,5,2020-05-01,78.2618102166615,163.69277916509859,-85.43096894843708,-1.4497238009538225
Dong Thap,2020,5,2020-05-01,90.569896717766,154.8128550674149,-64.24295834964889,-1.4275073963310068
Kien Giang,2020,5,2020-05-01,123.39245123959566,196.28722097332025,-72.89476973372459,-1.2111661659191142
Long An,2020,5,2020-05-01,112.68634065526489,192.97826347170076,-80.29192281643587,-1.5026033543528121
Tien Giang,2020,5,2020-05-01,92.38653089020488,173.96423418733346,-81.57770329712858,-1.5188146078034648
Soc Trang,2020,6,2020-06-01,318.8401073447378,226.24516051619239,92.59494682854543,1.3478526003800653
Tra Vinh,2020,6,2020-06-01,312.5815972105574,207.52237417164648,105.05922303891091,1.378838334995641
Vinh Long,2020,6,2020-06-01,281.37105192340545,205.4230556715539,75.94799625185155,1.6425861361925853
Bac Lieu,2020,6,2020-06-01,327.70033453016606,244.9771085697252,82.72322596044086,1.2194349011974515
Ca Mau,2020,6,2020-06-01,336.02706180969983,255.985056722725,80.04200508697483,0.9396043511299688
Can Tho city,2020,6,2020-06-01,258.9991712034221,193.57390857613913,65.42526262728299,1.6107632393461526
Hau Giang,2020,6,2020-06-01,295.6273248215369,219.88671150342688,75.74061331811001,1.5595672660236428
An Giang,2020,6,2020-06-01,196.17219914566715,155.83623617856074,40.33596296710641,1.3774165856636331
Ben Tre,2020,6,2020-06-01,290.4495115613234,198.69895188391342,91.75055967740997,1.5361334143645569
Dong Thap,2020,6,2020-06-01,207.1826534812215,159.81865675200544,47.36399672921607,1.5408247978534058
Kien Giang,2020,6,2020-06-01,298.9732669594258,232.14506105040056,66.82820590902526,1.1994250318079025
Long An,2020,6,2020-06-01,269.9500039174912,208.0359362719376,61.91406764555359,1.4037057472988026
Tien Giang,2020,6,2020-06-01,266.10692881080047,196.7738399764542,69.33308883434626,1.5775823674301914
Soc Trang,2020,7,2020-07-01,205.27422215279944,358.00975132525224,-152.7355291724528,-1.2484950478202126
Tra Vinh,2020,7,2020-07-01,185.95178762356983,282.56197663467486,-96.61018901110504,-0.9971635603679556
Vinh Long,2020,7,2020-07-01,196.7091165095686,284.8555648909585,-88.14644838138989,-1.1200224975019628
Bac Lieu,2020,7,2020-07-01,192.45929528813173,354.63521403191737,-162.17591874378564,-1.4138679071623717
Ca Mau,2020,7,2020-07-01,204.5886751370218,381.5162130509005,-176.9275379138787,-1.518548031165459
Can Tho city,2020,7,2020-07-01,190.22806730275312,287.6573770429215,-97.42930974016838,-1.2814951006508644
Hau Giang,2020,7,2020-07-01,255.16418755707733,379.313535545294,-124.14934798821665,-1.2709696183301695
An Giang,2020,7,2020-07-01,169.89771301817171,238.04490706878582,-68.1471940506141,-1.4357848225368604
Ben Tre,2020,7,2020-07-01,171.50809554223892,241.45807497863393,-69.94997943639501,-0.9572197104494752
Dong Thap,2020,7,2020-07-01,147.6104804940892,206.99971557470116,-59.38923508061197,-1.3622273846143065
Kien Giang,2020,7,2020-07-01,267.7305741546968,402.4883981245007,-134.7578239698039,-1.4681708417881978
Long An,2020,7,2020-07-01,193.22035026311107,262.7121758962866,-69.49182563317555,-1.1712095087970387
Tien Giang,2020,7,2020-07-01,178.93346429924907,245.14015764919873,-66.20669334994966,-1.0327572720545564
Soc Trang,2020,8,2020-08-01,247.0210990367134,241.49296085117174,5.52813818554165,0.2395903152285908
Tra Vinh,2020,8,2020-08-01,228.49152518718185,216.64571885499464,11.845806332187209,0.8414809923837665
Vinh Long,2020,8,2020-08-01,199.7294992351717,210.12100627108902,-10.391507035917328,-0.902866771104295
Bac Lieu,2020,8,2020-08-01,257.3267403655218,278.29515200164224,-20.968411636120436,-0.5490465588425609
Ca Mau,2020,8,2020-08-01,227.5557913822533,266.71950613787396,-39.163714755620674,-0.9031377040110912
Can Tho city,2020,8,2020-08-01,175.62547441254887,194.54109036580144,-18.91561595325257,-0.9637542604877267
Hau Giang,2020,8,2020-08-01,240.63182578572207,249.57317666999506,-8.941350884272993,-0.3322214278702101
An Giang,2020,8,2020-08-01,129.87700951343618,151.44110058406204,-21.564091070625864,-1.2494327962172358
Ben Tre,2020,8,2020-08-01,195.15540421572115,187.5689915686928,7.5864126470283395,0.7815561661713784
Dong Thap,2020,8,2020-08-01,132.64176261884657,153.86886658385637,-21.227103965009803,-1.3846357487655045
Kien Giang,2020,8,2020-08-01,237.6891808317469,262.23165833588877,-24.542477504141857,-0.6637766836829517
Long An,2020,8,2020-08-01,168.61199095262478,193.91751058261949,-25.305519629994706,-1.3611774578987534
Tien Giang,2020,8,2020-08-01,177.04404313191068,186.15439023429704,-9.110347102386356,-1.2230667937785387
Soc Trang,2020,9,2020-09-01,379.9893307317843,326.66163263399426,53.32769809779006,1.2870627794804563
Tra Vinh,2020,9,2020-09-01,266.8260064494267,267.07578525240626,-0.2497788029795629,-0.008015622554267765
Vinh Long,2020,9,2020-09-01,283.4821967093232,258.7228448736612,24.759351835662017,0.7044823263246616
Bac Lieu,2020,9,2020-09-01,498.9840487820997,397.92563999468774,101.05840878741196,1.2103931599539623
Ca Mau,2020,9,2020-09-01,530.0708290994568,433.79291387474905,96.27791522470773,0.9394332320040392
Can Tho city,2020,9,2020-09-01,314.8513363458599,264.4464392924925,50.40489705336739,1.4882380200534335
Hau Giang,2020,9,2020-09-01,407.5049622934261,327.1014417440971,80.40352054932902,1.4821496785845576
An Giang,2020,9,2020-09-01,287.1166474997006,235.70773958946202,51.40890791023858,1.6571079075566362
Ben Tre,2020,9,2020-09-01,229.0550456569958,230.49891971104753,-1.4438740540517472,-0.047354234406170925
Dong Thap,2020,9,2020-09-01,256.10472003987155,219.52492204918212,36.57979799068943,1.4618411162572496
Kien Giang,2020,9,2020-09-01,428.14036447462775,366.37410428909266,61.76626018553509,1.0210378682232033
Long An,2020,9,2020-09-01,281.1197993249008,269.87703287248587,11.242766452414912,0.45637304472876794
Tien Giang,2020,9,2020-09-01,255.80107994396496,242.7057499543072,13.095329989657756,0.4329986101286645
Soc Trang,2020,10,2020-10-01,456.13872069507954,335.4119841688411,120.72673652623843,1.3144446112336865
Tra Vinh,2020,10,2020-10-01,435.9316272084818,339.1136252157864,96.81800199269543,1.2833592182070226
Vinh Long,2020,10,2020-10-01,370.8932732742387,314.31024509936026,56.58302817487845,0.7236180074669069
Bac Lieu,2020,10,2020-10-01,497.0482362161376,337.60909156325994,159.43914465287764,1.4759139039908218
Ca Mau,2020,10,2020-10-01,552.1392952205687,355.65986661280465,196.47942860776402,1.6218073830638506
Can Tho city,2020,10,2020-10-01,375.6882424143894,301.4348332222371,74.25340919215228,1.126924806920672
Hau Giang,2020,10,2020-10-01,418.2689258250632,313.9405801437965,104.32834568126668,1.2871522165897349
An Giang,2020,10,2020-10-01,372.0848974900658,290.7636411498616,81.32125634020423,1.495807031630642
Ben Tre,2020,10,2020-10-01,404.5421166171938,341.69776364545856,62.84435297173525,0.9503418460927882
Dong Thap,2020,10,2020-10-01,340.31227974041053,288.8273549742914,51.48492476611915,1.3123100849882459
Kien Giang,2020,10,2020-10-01,474.0798539529466,333.29098202756506,140.78887192538156,1.5112514419763945
Long An,2020,10,2020-10-01,354.04310926928457,333.06629494409026,20.97681432519431,0.7605701969463247
Tien Giang,2020,10,2020-10-01,378.6946885524068,338.230066800051,40.464621752355754,0.6922214269971178
Soc Trang,2020,11,2020-11-01,110.77986445334348,188.8982130247992,-78.11834857145571,-1.2487252228240553
Tra Vinh,2020,11,2020-11-01,81.69964191697345,154.04877784512004,-72.3491359281466,-1.2974567854020462
Vinh Long,2020,11,2020-11-01,126.84047425765876,166.21619855273525,-39.375724295076495,-0.7984536436759633
Bac Lieu,2020,11,2020-11-01,138.48835205961996,209.89642584116913,-71.40807378154918,-1.165009513108842
Ca Mau,2020,11,2020-11-01,142.6808709455484,233.41050221347618,-90.72963126792777,-1.3230919163591426
Can Tho city,2020,11,2020-11-01,131.8427973390816,176.85276548570246,-45.00996814662085,-0.8830004470213613
Hau Giang,2020,11,2020-11-01,143.2746821768944,191.32307308712126,-48.04839091022686,-0.8462195264593582
An Giang,2020,11,2020-11-01,98.42564979165472,159.77246995336685,-61.34682016171213,-0.9651701970054183
Ben Tre,2020,11,2020-11-01,108.66825308715715,138.61779187133737,-29.94953878418022,-0.7614111606236909
Dong Thap,2020,11,2020-11-01,112.89772729376232,161.7220152167222,-48.8242879229599,-0.9331896206557198
Kien Giang,2020,11,2020-11-01,127.7595322354232,177.70593716337262,-49.94640492794943,-0.8825467162906999
Long An,2020,11,2020-11-01,122.2318082342566,141.9155447382782,-19.68373650402158,-0.8507341570347237
Tien Giang,2020,11,2020-11-01,120.66304991473964,134.96671312940833,-14.303663214668688,-0.5395110000611454
Soc Trang,2020,12,2020-12-01,45.745997744324136,44.17481809277656,1.571179651547574,0.07231869330753277
Tra Vinh,2020,12,2020-12-01,50.91206795510168,44.99067734377604,5.921390611325641,0.27186595692344595
Vinh Long,2020,12,2020-12-01,67.0200086650511,51.599431573073254,15.42057709197784,0.5549961714607429
Bac Lieu,2020,12,2020-12-01,55.08594836616541,55.39436639441279,-0.30841802824738096,-0.011548144066400411
Ca Mau,2020,12,2020-12-01,69.59784047471476,67.47945331190567,2.1183871628090856,0.08887390354571126
Can Tho city,2020,12,2020-12-01,58.352686802469535,48.032230035807814,10.32045676666172,0.3619109645453365
Hau Giang,2020,12,2020-12-01,57.79083440806278,51.904607572212626,5.886226835850152,0.22103784213556668
An Giang,2020,12,2020-12-01,62.80690317764779,45.60033178362376,17.20657139402403,0.7016803650303574
Ben Tre,2020,12,2020-12-01,61.7862893795126,53.101250406101784,8.685038973410819,0.3189391436968425
Dong Thap,2020,12,2020-12-01,72.51080803266761,49.18437446893701,23.326433563730603,0.7806615001569777
Kien Giang,2020,12,2020-12-01,63.06142765226054,52.99142222933625,10.07000542292429,0.40562003152777676
Long An,2020,12,2020-12-01,82.84867580610077,54.5761313349412,28.27254447115957,0.8945358215120057
Tien Giang,2020,12,2020-12-01,65.12415888148678,49.4524854770702,15.67167340441658,0.5798302987723242
Soc Trang,2021,1,2021-01-01,7.00246094213673,7.6880297391883134,-0.6855687970515838,-0.08038108530419302
Tra Vinh,2021,1,2021-01-01,3.8826972289391457,5.741213452351571,-1.8585162234124257,-0.2880986359168908
Vinh Long,2021,1,2021-01-01,5.277229889666689,6.580184768412957,-1.3029548787462684,-0.16450986766160478
Bac Lieu,2021,1,2021-01-01,9.185870454379954,12.794831310783696,-3.6089608564037423,-0.30026758225294486
Ca Mau,2021,1,2021-01-01,10.49021682895082,16.230701294998156,-5.740484466047336,-0.4546866916168732
Can Tho city,2021,1,2021-01-01,9.681620798310536,11.194913780077384,-1.5132929817668472,-0.14804613406551614
Hau Giang,2021,1,2021-01-01,10.292734570215366,11.448785331304839,-1.1560507610894728,-0.10557122768113564
An Giang,2021,1,2021-01-01,8.733183478913272,12.030315756014593,-3.297132277101321,-0.3320130655931437
Ben Tre,2021,1,2021-01-01,3.571556701723455,5.404344217723889,-1.8327875160004337,-0.2646115916541623
Dong Thap,2021,1,2021-01-01,7.833649809652444,10.613703675909454,-2.78005386625701,-0.29927163746937135
Kien Giang,2021,1,2021-01-01,10.75479725793908,16.630493507464067,-5.875696249524987,-0.39578252449458323
Long An,2021,1,2021-01-01,7.848337767410996,11.221115970430265,-3.3727782030192692,-0.3923131816848849
Tien Giang,2021,1,2021-01-01,4.817005550521142,6.410953079547847,-1.5939475290267042,-0.22826196137434496
Soc Trang,2021,2,2021-02-01,8.436590070308043,5.972682936447796,2.463907133860247,0.5386361955765208
Tra Vinh,2021,2,2021-02-01,1.5845681262979951,2.5931895193082424,-1.0086213930102472,-0.35497563388477643
Vinh Long,2021,2,2021-02-01,5.306031952266095,4.195738415120273,1.1102935371458225,0.2763725737236983
Bac Lieu,2021,2,2021-02-01,8.070706196631617,5.961832429383697,2.1088737672479203,0.38455825380738984
Ca Mau,2021,2,2021-02-01,6.901527944343441,6.862763033455981,0.03876491088746015,0.005658737367903258
Can Tho city,2021,2,2021-02-01,6.500320478788213,5.587269902071623,0.9130505767165902,0.17955812948696964
Hau Giang,2021,2,2021-02-01,8.057090813811365,6.152568279818326,1.9045225339930392,0.3582095404058598
An Giang,2021,2,2021-02-01,11.238409914571086,9.530363498112969,1.7080464164581173,0.2013779795394135
Ben Tre,2021,2,2021-02-01,2.9996623809210265,3.882770202044445,-0.8831078211234185,-0.33235699892140597
Dong Thap,2021,2,2021-02-01,7.594600072798479,6.367224494993593,1.227375577804886,0.20783440954541882
Kien Giang,2021,2,2021-02-01,11.765638032835946,10.84326657686892,0.922371455967026,0.09536558192788155
Long An,2021,2,2021-02-01,6.127485318399017,5.883360655482852,0.24412466291616486,0.04584729843419215
Tien Giang,2021,2,2021-02-01,5.239015018844481,5.118676452038725,0.1203385668057555,0.034908094103261816
Soc Trang,2021,3,2021-03-01,9.999135047491423,15.99497164745216,-5.995836599960738,-0.33376589015545066
Tra Vinh,2021,3,2021-03-01,1.7621915618779782,8.97210953238874,-7.209917970510762,-0.5352578539555187
Vinh Long,2021,3,2021-03-01,1.5340843530510184,9.479155288308448,-7.945070935257429,-0.5704533350034054
Bac Lieu,2021,3,2021-03-01,16.1031344458152,21.581043335771263,-5.477908889956062,-0.25576705217785023
Ca Mau,2021,3,2021-03-01,19.403608125534983,27.077905472937893,-7.674297347402909,-0.303731207283796
Can Tho city,2021,3,2021-03-01,8.75905218020908,20.561978881302434,-11.802926701093353,-0.4222470685921667
Hau Giang,2021,3,2021-03-01,13.75367571381933,22.84759487238667,-9.093919158567338,-0.3500171314355607
An Giang,2021,3,2021-03-01,10.618381749471366,35.147584256100636,-24.529202506629268,-0.5035430543759205
Ben Tre,2021,3,2021-03-01,1.2114551150370074,9.80827491550018,-8.596819800463173,-0.5866293660196706
Dong Thap,2021,3,2021-03-01,6.743310444264842,25.134963783076305,-18.391653338811462,-0.5057707040431876
Kien Giang,2021,3,2021-03-01,18.60233050645634,36.63712057374478,-18.03479006728844,-0.40098231393222866
Long An,2021,3,2021-03-01,5.89829875016361,22.79723346485077,-16.898934714687158,-0.47385148014120576
Tien Giang,2021,3,2021-03-01,3.211500577917422,13.365038827504671,-10.15353824958725,-0.5309608135729834
Soc Trang,2021,4,2021-04-01,164.03759699003433,66.70604570787289,97.33155128216144,1.615118158492312
Tra Vinh,2021,4,2021-04-01,114.24377973797002,42.92728777741103,71.31649196055898,1.646489631478849
Vinh Long,2021,4,2021-04-01,154.27797567529916,58.79252006874107,95.48545560655809,1.6319643866110118
Bac Lieu,2021,4,2021-04-01,195.9440140538245,88.21842665642214,107.72558739740236,1.4950482867701742
Ca Mau,2021,4,2021-04-01,215.60327031674683,105.88089944388848,109.72237087285835,1.3481528913414558
Can Tho city,2021,4,2021-04-01,174.3694540082936,82.364062877295,92.00539113099859,1.4753319273969723
Hau Giang,2021,4,2021-04-01,200.351070777163,86.99123858114103,113.35983219602196,1.5406115586354523
An Giang,2021,4,2021-04-01,189.81361664005524,109.16906990954871,80.64454673050653,1.1446883014399776
Ben Tre,2021,4,2021-04-01,108.79242919561604,38.79695303889365,69.99547615672239,1.667278612315285
Dong Thap,2021,4,2021-04-01,178.90826116063434,90.7125820971751,88.19567906345924,1.3341397440724558
Kien Giang,2021,4,2021-04-01,240.1868852894819,127.17557781435383,113.01130747512806,1.2645813257291418
Long An,2021,4,2021-04-01,201.70437373520247,89.72440253615437,111.9799711990481,1.484540743474247
Tien Giang,2021,4,2021-04-01,148.4148028444246,59.075908259042556,89.33889458538204,1.5660612095584237
Soc Trang,2021,5,2021-05-01,209.1241360914204,194.01699312691792,15.107142964502486,0.25160603812073834
Tra Vinh,2021,5,2021-05-01,193.0246559428696,169.47884600883512,23.54580993403448,0.358336797609496
Vinh Long,2021,5,2021-05-01,214.26678022633885,170.5043480668226,43.762432159516266,0.7623910887316928
Bac Lieu,2021,5,2021-05-01,230.58854048761327,205.53150745808225,25.057033029531027,0.41662437262239127
Ca Mau,2021,5,2021-05-01,251.45780661945187,206.70313091945937,44.754675699992504,0.6739016180907634
Can Tho city,2021,5,2021-05-01,224.5557103704347,162.59051541897907,61.96519495145563,1.2175381989883631
Hau Giang,2021,5,2021-05-01,240.5061006660923,193.02898950661285,47.47711115947945,0.8674553778453542
An Giang,2021,5,2021-05-01,212.83765446804824,151.61600069956518,61.221653768483066,1.4134750569331158
Ben Tre,2021,5,2021-05-01,196.08578492788487,163.69277916509859,32.39300576278629,0.549694238714411
Dong Thap,2021,5,2021-05-01,213.3672072574899,154.8128550674149,58.55435219007501,1.3011040118011563
Kien Giang,2021,5,2021-05-01,278.32226905417406,196.28722097332025,82.03504808085381,1.3630343441377266
Long An,2021,5,2021-05-01,255.2796913692357,192.97826347170076,62.30142789753495,1.165924681537741
Tien Giang,2021,5,2021-05-01,218.49222006758387,173.96423418733346,44.52798588025041,0.8290225475540106
Soc Trang,2021,6,2021-06-01,163.97954680208528,226.24516051619239,-62.265613714107104,-0.9063655440530727
Tra Vinh,2021,6,2021-06-01,129.14712896117277,207.52237417164648,-78.37524521047371,-1.0286273730661404
Vinh Long,2021,6,2021-06-01,156.61205090418304,205.4230556715539,-48.81100476737086,-1.0556734039255042
Bac Lieu,2021,6,2021-06-01,189.169643480264,244.9771085697252,-55.8074650894612,-0.8226658219300018
Ca Mau,2021,6,2021-06-01,195.0764697536023,255.985056722725,-60.908586969122695,-0.7149992466477928
Can Tho city,2021,6,2021-06-01,150.70279214427342,193.57390857613913,-42.871116431865715,-1.0554824788640798
Hau Giang,2021,6,2021-06-01,168.02868714493633,219.88671150342688,-51.85802435849055,-1.067803305612006
An Giang,2021,6,2021-06-01,122.08555426636852,155.83623617856074,-33.75068191219222,-1.1525384699808028
Ben Tre,2021,6,2021-06-01,141.33009366099972,198.69895188391342,-57.3688582229137,-0.9604979018112549
Dong Thap,2021,6,2021-06-01,122.89898125624192,159.81865675200544,-36.919675495763514,-1.2010547137269574
Kien Giang,2021,6,2021-06-01,178.89462647281042,232.14506105040056,-53.25043457759014,-0.9557327376700525
Long An,2021,6,2021-06-01,152.55160305038174,208.0359362719376,-55.48433322155586,-1.2579318463456364
Tien Giang,2021,6,2021-06-01,147.99563086265596,196.7738399764542,-48.778209113798255,-1.109883374684303
Soc Trang,2021,7,2021-07-01,251.8825206401588,358.00975132525224,-106.12723068509345,-0.8675081866486236
Tra Vinh,2021,7,2021-07-01,179.62350416427964,282.56197663467486,-102.93847247039523,-1.062481035986993
Vinh Long,2021,7,2021-07-01,221.05351341720893,284.8555648909585,-63.80205147374954,-0.810693276355135
Bac Lieu,2021,7,2021-07-01,278.91107253472774,354.63521403191737,-75.72414149718963,-0.6601715858286227
Ca Mau,2021,7,2021-07-01,323.0301235309398,381.5162130509005,-58.48608951996067,-0.5019791556379096
Can Tho city,2021,7,2021-07-01,252.78098606578732,287.6573770429215,-34.87639097713418,-0.4587318157623665
Hau Giang,2021,7,2021-07-01,304.853517470748,379.313535545294,-74.46001807454599,-0.762278838242835
An Giang,2021,7,2021-07-01,212.1395344139311,238.04490706878582,-25.905372654854716,-0.5457970999125332
Ben Tre,2021,7,2021-07-01,166.16733378315078,241.45807497863393,-75.29074119548315,-1.0303045414359167
Dong Thap,2021,7,2021-07-01,184.22128199826,206.99971557470116,-22.77843357644116,-0.5224752592675824
Kien Giang,2021,7,2021-07-01,361.9613579205167,402.4883981245007,-40.52704020398397,-0.44153739633551814
Long An,2021,7,2021-07-01,220.8117627168676,262.7121758962866,-41.90041317941902,-0.7061861145698869
Tien Giang,2021,7,2021-07-01,194.5075214709732,245.14015764919873,-50.63263617822554,-0.7898177747672518
Soc Trang,2021,8,2021-08-01,265.96545240473847,241.49296085117174,24.472491553566726,1.0606413531925092
Tra Vinh,2021,8,2021-08-01,221.42365052119388,216.64571885499464,4.777931666199237,0.339406079018076
Vinh Long,2021,8,2021-08-01,218.28537322504351,210.12100627108902,8.164366953954499,0.7093615588527377
Bac Lieu,2021,8,2021-08-01,337.02866285823364,278.29515200164224,58.73351085659141,1.5379053303686527
Ca Mau,2021,8,2021-08-01,330.6126556129371,266.71950613787396,63.893149475063126,1.4734126391997684
Can Tho city,2021,8,2021-08-01,214.33623295939876,194.54109036580144,19.79514259359732,1.0085663114904304
Hau Giang,2021,8,2021-08-01,275.1031736728687,249.57317666999506,25.529997002873642,0.9485828447617725
An Giang,2021,8,2021-08-01,158.8635592087658,151.44110058406204,7.422458624703751,0.430060474327295
Ben Tre,2021,8,2021-08-01,178.62506443128026,187.5689915686928,-8.943927137412544,-0.9214080131497211
Dong Thap,2021,8,2021-08-01,166.9872442304169,153.86886658385637,13.118377646560532,0.8557066797795565
Kien Giang,2021,8,2021-08-01,300.6512742995609,262.23165833588877,38.41961596367213,1.039098243787127
Long An,2021,8,2021-08-01,217.61957236543373,193.91751058261949,23.70206178281424,1.2749278685528036
Tien Giang,2021,8,2021-08-01,186.367319140981,186.15439023429704,0.21292890668397035,0.028585768717035758
Soc Trang,2021,9,2021-09-01,302.62103950778965,326.66163263399426,-24.040593126204612,-0.5802191677696643
Tra Vinh,2021,9,2021-09-01,273.07459571706704,267.07578525240626,5.998810464660778,0.1925071298513938
Vinh Long,2021,9,2021-09-01,283.93313757165214,258.7228448736612,25.21029269799095,0.7173130284301491
Bac Lieu,2021,9,2021-09-01,324.98508101201537,397.92563999468774,-72.94055898267237,-0.8736210547463356
Ca Mau,2021,9,2021-09-01,341.5358326446791,433.79291387474905,-92.25708123006996,-0.9001998827347053
Can Tho city,2021,9,2021-09-01,262.63330173168845,264.4464392924925,-1.8131375608040798,-0.053534089172300084
Hau Giang,2021,9,2021-09-01,309.7637256904927,327.1014417440971,-17.337716053604368,-0.3196015560099064
An Giang,2021,9,2021-09-01,222.86419029477992,235.70773958946202,-12.843549294682106,-0.41399726161217343
Ben Tre,2021,9,2021-09-01,256.7985087106091,230.49891971104753,26.299588999561564,0.862538459484333
Dong Thap,2021,9,2021-09-01,226.9725650398808,219.52492204918212,7.447642990698682,0.2976306962050352
Kien Giang,2021,9,2021-09-01,337.9281756311379,366.37410428909266,-28.445928657954767,-0.4702303534211596
Long An,2021,9,2021-09-01,302.7766105243389,269.87703287248587,32.89957765185301,1.335479171146673
Tien Giang,2021,9,2021-09-01,277.4735256873269,242.7057499543072,34.767775733019704,1.1496005508492027
Soc Trang,2021,10,2021-10-01,278.8864243509497,335.4119841688411,-56.525559817891406,-0.6154371404170829
Tra Vinh,2021,10,2021-10-01,283.96704890052206,339.1136252157864,-55.146576315264326,-0.7309887170785769
Vinh Long,2021,10,2021-10-01,267.2009093494138,314.31024509936026,-47.10933574994647,-0.6024626954059095
Bac Lieu,2021,10,2021-10-01,279.2091375784056,337.60909156325994,-58.399953984854335,-0.5406031515430301
Ca Mau,2021,10,2021-10-01,288.4924546418739,355.65986661280465,-67.16741197093074,-0.5544224421235018
Can Tho city,2021,10,2021-10-01,280.8686308523232,301.4348332222371,-20.566202369913924,-0.3121279398071895
Hau Giang,2021,10,2021-10-01,278.3566597473122,313.9405801437965,-35.5839203964843,-0.43901704483282816
An Giang,2021,10,2021-10-01,279.8972913683493,290.7636411498616,-10.866349781512326,-0.19987347887674564
Ben Tre,2021,10,2021-10-01,307.6810480920021,341.69776364545856,-34.01671555345649,-0.5144059367056362
Dong Thap,2021,10,2021-10-01,275.5097253387221,288.8273549742914,-13.31762963556929,-0.33945586515447274
Kien Giang,2021,10,2021-10-01,314.23486588630664,333.29098202756506,-19.05611614125843,-0.204551557258089
Long An,2021,10,2021-10-01,354.1208546303278,333.06629494409026,21.054559686237553,0.7633890617960413
Tien Giang,2021,10,2021-10-01,338.32972231911447,338.230066800051,0.09965551906344672,0.0017047900765369565
Soc Trang,2021,11,2021-11-01,220.55983783390369,188.8982130247992,31.661624809104495,0.5061124590793931
Tra Vinh,2021,11,2021-11-01,185.27856015402045,154.04877784512004,31.22978230890041,0.5600522030222072
Vinh Long,2021,11,2021-11-01,189.0884840148349,166.21619855273525,22.872285462099654,0.46379996795878
Bac Lieu,2021,11,2021-11-01,231.7016115017529,209.89642584116913,21.80518566058376,0.3557475700492628
Ca Mau,2021,11,2021-11-01,264.19052780139003,233.41050221347618,30.780025587913855,0.4488589060880741
Can Tho city,2021,11,2021-11-01,214.6010764467441,176.85276548570246,37.748310961041625,0.7405420804636474
Hau Giang,2021,11,2021-11-01,224.5146533164461,191.32307308712126,33.19158022932484,0.5845640774230133
An Giang,2021,11,2021-11-01,232.12236829162123,159.77246995336685,72.34989833825438,1.1382817470959536
Ben Tre,2021,11,2021-11-01,161.0351023494746,138.61779187133737,22.41731047813724,0.5699183053274959
Dong Thap,2021,11,2021-11-01,217.42354918044705,161.7220152167222,55.70153396372484,1.0646359744471796
Kien Giang,2021,11,2021-11-01,240.3426911310845,177.70593716337262,62.63675396771188,1.1067835935951142
Long An,2021,11,2021-11-01,151.4487593610742,141.9155447382782,9.53321462279601,0.4120270205963418
Tien Giang,2021,11,2021-11-01,147.78924800352698,134.96671312940833,12.822534874118645,0.4836452389455187
Soc Trang,2021,12,2021-12-01,18.574013438100454,44.17481809277656,-25.600804654676107,-1.1783609458179898
Tra Vinh,2021,12,2021-12-01,18.276484689645617,44.99067734377604,-26.714192654130425,-1.226515868664597
Vinh Long,2021,12,2021-12-01,20.137183371376995,51.599431573073254,-31.46224820169626,-1.1323459033561674
Bac Lieu,2021,12,2021-12-01,26.963053495177995,55.39436639441279,-28.431312899234797,-1.064558058499487
Ca Mau,2021,12,2021-12-01,42.95983692077719,67.47945331190567,-24.51961639112848,-1.0286854359678652
Can Tho city,2021,12,2021-12-01,16.236586234892314,48.032230035807814,-31.7956438009155,-1.1149886459968594
Hau Giang,2021,12,2021-12-01,18.46754727332636,51.904607572212626,-33.437060298886266,-1.2556185587019055
An Giang,2021,12,2021-12-01,23.092087203815524,45.60033178362376,-22.508244579808235,-0.9178814832592177
Ben Tre,2021,12,2021-12-01,19.656156097206,53.101250406101784,-33.44509430889578,-1.2281982582226916
Dong Thap,2021,12,2021-12-01,18.21184574597532,49.18437446893701,-30.972528722961687,-1.0365519731279222
Kien Giang,2021,12,2021-12-01,28.300781320294732,52.99142222933625,-24.69064090904152,-0.9945395382973006
Long An,2021,12,2021-12-01,18.74681515227552,54.5761313349412,-35.82931618266568,-1.133630077702013
Tien Giang,2021,12,2021-12-01,16.96393950357963,49.4524854770702,-32.48854597349057,-1.202031386972278
Soc Trang,2022,1,2022-01-01,1.586322372943593,7.6880297391883134,-6.101707366244721,-0.7154086685634795
Tra Vinh,2022,1,2022-01-01,1.1280946804890353,5.741213452351571,-4.613118771862537,-0.7151044520106251
Vinh Long,2022,1,2022-01-01,0.002687726995093,6.580184768412957,-6.577497041417864,-0.8304686413004835
Bac Lieu,2022,1,2022-01-01,5.007244330634861,12.794831310783696,-7.787586980148835,-0.6479316365996644
Ca Mau,2022,1,2022-01-01,7.030382659342291,16.230701294998156,-9.200318635655865,-0.7287298601729086
Can Tho city,2022,1,2022-01-01,0.3116162347251532,11.194913780077384,-10.88329754535223,-1.0647179012175985
Hau Giang,2022,1,2022-01-01,1.5186631787931897,11.448785331304839,-9.930122152511649,-0.9068245287744418
An Giang,2022,1,2022-01-01,3.511888013797769,12.030315756014593,-8.518427742216824,-0.8577846052368672
Ben Tre,2022,1,2022-01-01,0.3753849571146181,5.404344217723889,-5.028959260609271,-0.7260639341420763
Dong Thap,2022,1,2022-01-01,1.669033640182378,10.613703675909454,-8.944670035727075,-0.9628899931422372
Kien Giang,2022,1,2022-01-01,5.724733287231879,16.630493507464067,-10.905760220232189,-0.7346038883213277
Long An,2022,1,2022-01-01,3.801235613862409,11.221115970430265,-7.419880356567856,-0.8630620500928573
Tien Giang,2022,1,2022-01-01,0.1655609334037724,6.410953079547847,-6.2453921461440745,-0.8943741464948138
Soc Trang,2022,2,2022-02-01,7.21512708245119,5.972682936447796,1.2424441460033941,0.27161144948312244
Tra Vinh,2022,2,2022-02-01,4.136262083318543,2.5931895193082424,1.5430725640103002,0.5430711318793122
Vinh Long,2022,2,2022-02-01,6.3477259042851415,4.195738415120273,2.1519874891648687,0.5356694433533223
Bac Lieu,2022,2,2022-02-01,8.305312856621033,5.961832429383697,2.3434804272373357,0.42733934810439494
Ca Mau,2022,2,2022-02-01,9.948470409149154,6.862763033455981,3.0857073756931728,0.45043848247044693
Can Tho city,2022,2,2022-02-01,9.729310971623732,5.587269902071623,4.14204106955211,0.8145629230984419
Hau Giang,2022,2,2022-02-01,8.864726384973821,6.152568279818326,2.7121581051554946,0.5101125825583579
An Giang,2022,2,2022-02-01,19.314708843687967,9.530363498112969,9.784345345574998,1.153570346696765
Ben Tre,2022,2,2022-02-01,5.861684812535756,3.882770202044445,1.9789146104913113,0.7447631029107348
Dong Thap,2022,2,2022-02-01,11.899676754702298,6.367224494993593,5.532452259708705,0.9368232263438144
Kien Giang,2022,2,2022-02-01,20.460613300647463,10.84326657686892,9.617346723778542,0.9943541303040212
Long An,2022,2,2022-02-01,11.851422232585415,5.883360655482852,5.968061577102564,1.1208187527247941
Tien Giang,2022,2,2022-02-01,7.739932836642395,5.118676452038725,2.6212563846036696,0.7603802087008433
Soc Trang,2022,3,2022-03-01,47.98107318127944,15.99497164745216,31.98610153382728,1.780547130172026
Tra Vinh,2022,3,2022-03-01,32.86104256157009,8.97210953238874,23.888933029181345,1.7734929965619128
Vinh Long,2022,3,2022-03-01,34.326753823889774,9.479155288308448,24.847598535581326,1.7840489489586708
Bac Lieu,2022,3,2022-03-01,59.5589643605168,21.581043335771263,37.97792102474554,1.7732133015487739
Ca Mau,2022,3,2022-03-01,71.00714446980467,27.077905472937893,43.92923899686678,1.7386192105381622
Can Tho city,2022,3,2022-03-01,70.26476912828632,20.561978881302434,49.70279024698388,1.7781062285760174
Hau Giang,2022,3,2022-03-01,69.22311080900037,22.84759487238667,46.37551593661371,1.7849537447982873
An Giang,2022,3,2022-03-01,121.8625483833769,35.147584256100636,86.71496412727626,1.780111599019423
Ben Tre,2022,3,2022-03-01,35.89691756197785,9.80827491550018,26.088642646477673,1.7802355116472701
Dong Thap,2022,3,2022-03-01,89.93195063801453,25.134963783076305,64.79698685493823,1.7819179742987235
Kien Giang,2022,3,2022-03-01,116.79586749112752,36.63712057374478,80.15874691738274,1.7822353185657387
Long An,2022,3,2022-03-01,86.56422244095518,22.79723346485077,63.76698897610441,1.7880465615512262
Tien Giang,2022,3,2022-03-01,47.504702530784186,13.365038827504671,34.13966370327952,1.7852716136405176
Soc Trang,2022,4,2022-04-01,79.4165087745577,66.70604570787289,12.71046306668481,0.2109172147306664
Tra Vinh,2022,4,2022-04-01,50.76914644352841,42.92728777741103,7.841858666117382,0.1810456267594521
Vinh Long,2022,4,2022-04-01,71.24232479196704,58.79252006874107,12.449804723225967,0.21278254158710738
Bac Lieu,2022,4,2022-04-01,119.1641413987628,88.21842665642214,30.945714742340655,0.4294739896635786
Ca Mau,2022,4,2022-04-01,160.05770480648357,105.88089944388848,54.17680536259509,0.6656675043766592
Can Tho city,2022,4,2022-04-01,106.59724623960666,82.364062877295,24.233183362311664,0.38858580652061264
Hau Giang,2022,4,2022-04-01,114.71033782837507,86.99123858114103,27.71909924723404,0.3767151368167835
An Giang,2022,4,2022-04-01,156.05318418672817,109.16906990954871,46.884114277179464,0.6654845158446496
Ben Tre,2022,4,2022-04-01,44.72023000328638,38.79695303889365,5.923276964392734,0.14109130389283508
Dong Thap,2022,4,2022-04-01,130.2592676089184,90.7125820971751,39.546685511743306,0.5982243738901114
Kien Giang,2022,4,2022-04-01,186.88471140413563,127.17557781435383,59.7091335897818,0.6681371714040435
Long An,2022,4,2022-04-01,124.09014196604618,89.72440253615437,34.3657394298918,0.4555934406574263
Tien Giang,2022,4,2022-04-01,79.68358449891667,59.075908259042556,20.607676239874117,0.3612411204345286
Soc Trang,2022,5,2022-05-01,257.0712523444656,194.01699312691792,63.054259217547695,1.0501543796628583
Tra Vinh,2022,5,2022-05-01,245.52197075636929,169.47884600883512,76.04312474753416,1.157278083811568
Vinh Long,2022,5,2022-05-01,220.2247253842752,170.5043480668226,49.7203773174526,0.8661852352500112
Bac Lieu,2022,5,2022-05-01,259.48549111106377,205.53150745808225,53.95398365298152,0.8970952212662224
Ca Mau,2022,5,2022-05-01,257.9238149202411,206.70313091945937,51.220684000781745,0.7712647067141697
Can Tho city,2022,5,2022-05-01,189.32451878886687,162.59051541897907,26.7340033698878,0.5252895652183759
Hau Giang,2022,5,2022-05-01,232.6510981857157,193.02898950661285,39.622108679102865,0.7239364488670736
An Giang,2022,5,2022-05-01,154.84430897363808,151.61600069956518,3.2283082740729014,0.07453462852782239
Ben Tre,2022,5,2022-05-01,227.4505009840852,163.69277916509859,63.757721818986624,1.0819388794637887
Dong Thap,2022,5,2022-05-01,167.42497107775932,154.8128550674149,12.612116010344437,0.2802468838711222
Kien Giang,2022,5,2022-05-01,214.40929440531485,196.28722097332025,18.122073431994608,0.30110311449380944
Long An,2022,5,2022-05-01,214.82185926272956,192.97826347170076,21.843595791028804,0.40878657722228673
Tien Giang,2022,5,2022-05-01,217.7875600851364,173.96423418733346,43.82332589780293,0.8159031799864092
Soc Trang,2022,6,2022-06-01,160.94015211227412,226.24516051619239,-65.30500840391827,-0.9506083043392141
Tra Vinh,2022,6,2022-06-01,143.78616779246886,207.52237417164648,-63.73620637917762,-0.8364989016742955
Vinh Long,2022,6,2022-06-01,187.43529278714928,205.4230556715539,-17.987762884404617,-0.3890352793122209
Bac Lieu,2022,6,2022-06-01,180.5288911455552,244.9771085697252,-64.44821742417,-0.9500403875034732
Ca Mau,2022,6,2022-06-01,184.8583299897716,255.985056722725,-71.12672673295341,-0.8349488727486994
Can Tho city,2022,6,2022-06-01,188.01911483445008,193.57390857613913,-5.554793741689053,-0.13675845081792024
Hau Giang,2022,6,2022-06-01,197.9141674903994,219.88671150342688,-21.972544013027488,-0.4524344191676601
An Giang,2022,6,2022-06-01,143.29154339033337,155.83623617856074,-12.544692788227366,-0.4283836714807185
Ben Tre,2022,6,2022-06-01,151.14267481766646,198.69895188391342,-47.55627706624696,-0.7962107971993903
Dong Thap,2022,6,2022-06-01,165.190675433584,159.81865675200544,5.372018681578567,0.17476015899651073
Kien Giang,2022,6,2022-06-01,188.72944242178664,232.14506105040056,-43.41561862861391,-0.7792185806315708
Long An,2022,6,2022-06-01,215.84188696663327,208.0359362719376,7.805950694695667,0.1769752540893232
Tien Giang,2022,6,2022-06-01,179.50163395828127,196.7738399764542,-17.272206018172938,-0.3930061117858776
Soc Trang,2022,7,2022-07-01,401.6907669202898,358.00975132525224,43.681015595037536,0.3570585832232007
Tra Vinh,2022,7,2022-07-01,295.2917356137542,282.56197663467486,12.72975897907935,0.13139040422274323
Vinh Long,2022,7,2022-07-01,297.3178340516102,284.8555648909585,12.462269160651715,0.1583503599539439
Bac Lieu,2022,7,2022-07-01,402.8630497974245,354.63521403191737,48.22783576550711,0.42045569865693133
Ca Mau,2022,7,2022-07-01,432.9254240851324,381.5162130509005,51.40921103423193,0.44123914863836844
Can Tho city,2022,7,2022-07-01,282.09431771913404,287.6573770429215,-5.563059323787456,-0.07317134122243053
Hau Giang,2022,7,2022-07-01,423.7475826358308,379.313535545294,44.43404709053681,0.4548902171994047
An Giang,2022,7,2022-07-01,247.1499928650539,238.04490706878582,9.105085796268071,0.19183392913387068
Ben Tre,2022,7,2022-07-01,241.2509940715052,241.45807497863393,-0.20708090712872718,-0.0028337667510198
Dong Thap,2022,7,2022-07-01,214.27904653660727,206.99971557470116,7.279330961906112,0.16696803662346693
Kien Giang,2022,7,2022-07-01,414.3292316975391,402.4883981245007,11.840833573038424,0.12900450661994373
Long An,2022,7,2022-07-01,265.15177264692767,262.7121758962866,2.4395967506410443,0.04111676281270523
Tien Giang,2022,7,2022-07-01,261.07960785321563,245.14015764919873,15.939450204016907,0.24863925802393907
Soc Trang,2022,8,2022-08-01,257.7177738548858,241.49296085117174,16.224813003714075,0.7031857619354923
Tra Vinh,2022,8,2022-08-01,229.58621642401943,216.64571885499464,12.940497569024785,0.9192436910550197
Vinh Long,2022,8,2022-08-01,214.5467674061773,210.12100627108902,4.425761135088294,0.3845325468100696
Bac Lieu,2022,8,2022-08-01,285.53842926450574,278.29515200164224,7.243277262863501,0.18966131173555936
Ca Mau,2022,8,2022-08-01,263.8085409540987,266.71950613787396,-2.910965183775261,-0.0671285251906219
Can Tho city,2022,8,2022-08-01,212.0103459227631,194.54109036580144,17.469255556961656,0.890061920911209
Hau Giang,2022,8,2022-08-01,272.4823237658163,249.57317666999506,22.909147095821254,0.851203543845852
An Giang,2022,8,2022-08-01,173.13380683944115,151.44110058406204,21.692706255379107,1.2568848158454193
Ben Tre,2022,8,2022-08-01,197.1025112665215,187.5689915686928,9.533519697828694,0.9821481445611745
Dong Thap,2022,8,2022-08-01,165.95616889265244,153.86886658385637,12.087302308796069,0.7884500358825621
Kien Giang,2022,8,2022-08-01,295.40637076579213,262.23165833588877,33.174712429903366,0.8972444039172734
Long An,2022,8,2022-08-01,198.9462490750597,193.91751058261949,5.028738492440226,0.27049456314913967
Tien Giang,2022,8,2022-08-01,188.5404247971964,186.15439023429704,2.3860345628993684,0.32032584597415564
Soc Trang,2022,9,2022-09-01,305.4488030152936,326.66163263399426,-21.212829618700653,-0.5119711598956422
Tra Vinh,2022,9,2022-09-01,241.67065941483372,267.07578525240626,-25.40512583757254,-0.8152729424134482
Vinh Long,2022,9,2022-09-01,225.1608579295655,258.7228448736612,-33.56198694409568,-0.9549452988667969
Bac Lieu,2022,9,2022-09-01,349.32487603846494,397.92563999468774,-48.600763956222806,-0.5820993321287743
Ca Mau,2022,9,2022-09-01,365.154048610957,433.79291387474905,-68.63886526379207,-0.6697447788037073
Can Tho city,2022,9,2022-09-01,234.77512450564785,264.4464392924925,-29.671314786844675,-0.8760652506442492
Hau Giang,2022,9,2022-09-01,269.0952003157469,327.1014417440971,-58.006241428350165,-1.0692806919590154
An Giang,2022,9,2022-09-01,224.2237069707839,235.70773958946202,-11.484032618678128,-0.37017478169886986
Ben Tre,2022,9,2022-09-01,210.07297221664032,230.49891971104753,-20.42594749440721,-0.6699026850049853
Dong Thap,2022,9,2022-09-01,214.6566785185969,219.52492204918212,-4.868243530585232,-0.19454996877714362
Kien Giang,2022,9,2022-09-01,308.42427255781985,366.37410428909266,-57.94983173127281,-0.9579497362647317
Long An,2022,9,2022-09-01,265.2896958213762,269.87703287248587,-4.587337051109671,-0.1862119066577535
Tien Giang,2022,9,2022-09-01,229.06764584232943,242.7057499543072,-13.638104111977782,-0.45094549965065345
Soc Trang,2022,10,2022-10-01,289.8620988101902,335.4119841688411,-45.5498853586509,-0.4959365512127322
Tra Vinh,2022,10,2022-10-01,331.5070092243196,339.1136252157864,-7.6066159914668106,-0.10082857062828453
Vinh Long,2022,10,2022-10-01,258.69302166642626,314.31024509936026,-55.617223432934,-0.7112667119369477
Bac Lieu,2022,10,2022-10-01,259.4377275091726,337.60909156325994,-78.17136405408735,-0.7236253264688692
Ca Mau,2022,10,2022-10-01,270.1897171465936,355.65986661280465,-85.47014946621107,-0.7054994022432456
Can Tho city,2022,10,2022-10-01,230.0461752741574,301.4348332222371,-71.3886579480797,-1.0834472174372325
Hau Giang,2022,10,2022-10-01,245.07093920173045,313.9405801437965,-68.86964094206607,-0.8496800214310005
An Giang,2022,10,2022-10-01,232.29702639397087,290.7636411498616,-58.46661475589073,-1.0754232952530598
Ben Tre,2022,10,2022-10-01,329.7626362294331,341.69776364545856,-11.935127416025466,-0.18048480866689245
Dong Thap,2022,10,2022-10-01,254.58853067430297,288.8273549742914,-34.23882429998841,-0.872720599886822
Kien Giang,2022,10,2022-10-01,236.72288104858083,333.29098202756506,-96.56810097898423,-1.036578245550258
Long An,2022,10,2022-10-01,320.7117444156884,333.06629494409026,-12.354550528401887,-0.4479470897201118
Tien Giang,2022,10,2022-10-01,311.3523859156409,338.230066800051,-26.877680884410097,-0.45979193207450053
Soc Trang,2022,11,2022-11-01,276.61316864739644,188.8982130247992,87.71495562259724,1.4021274067851017
Tra Vinh,2022,11,2022-11-01,228.9934708003597,154.04877784512004,74.94469295523965,1.3440036174201146
Vinh Long,2022,11,2022-11-01,242.2487716661776,166.21619855273525,76.03257311344234,1.5417744340534723
Bac Lieu,2022,11,2022-11-01,300.6522227481697,209.89642584116913,90.75579690700059,1.4806640365329273
Ca Mau,2022,11,2022-11-01,300.35648059250155,233.41050221347618,66.94597837902538,0.9762597024612094
Can Tho city,2022,11,2022-11-01,244.78866181132145,176.85276548570246,67.93589632561898,1.332758704225433
Hau Giang,2022,11,2022-11-01,275.02933571508345,191.32307308712126,83.70626262796219,1.4742194812530174
An Giang,2022,11,2022-11-01,208.0983679652369,159.77246995336685,48.32589801187004,0.7603118854673918
Ben Tre,2022,11,2022-11-01,195.83911285024897,138.61779187133737,57.22132097891159,1.454745354609186
Dong Thap,2022,11,2022-11-01,211.02044503002125,161.7220152167222,49.29842981329904,0.9422520014830804
Kien Giang,2022,11,2022-11-01,232.06192865243705,177.70593716337262,54.35599148906442,0.9604635582601188
Long An,2022,11,2022-11-01,178.08148758832507,141.9155447382782,36.16594285004689,1.563097682069383
Tien Giang,2022,11,2022-11-01,174.97292366481005,134.96671312940833,40.00621053540172,1.5089694388551258
Soc Trang,2022,12,2022-12-01,49.0789062749402,44.17481809277656,4.90408818216364,0.22572673268117963
Tra Vinh,2022,12,2022-12-01,49.555124640423855,44.99067734377604,4.564447296647813,0.20956527167053168
Vinh Long,2022,12,2022-12-01,55.743676448787824,51.599431573073254,4.14424487571457,0.1491539535711621
Bac Lieu,2022,12,2022-12-01,62.440628673600685,55.39436639441279,7.046262279187893,0.26383429137429387
Ca Mau,2022,12,2022-12-01,77.11822223147253,67.47945331190567,9.638768919566857,0.4043807639586733
Can Tho city,2022,12,2022-12-01,54.58872568464838,48.032230035807814,6.556495648840567,0.2299188609533534
Hau Giang,2022,12,2022-12-01,58.91315133472063,51.904607572212626,7.008543762508005,0.2631827540763997
An Giang,2022,12,2022-12-01,48.05496814116108,45.60033178362376,2.454636357537325,0.10009955475335247
Ben Tre,2022,12,2022-12-01,61.26873692750338,53.101250406101784,8.1674865214016,0.2999331569226466
Dong Thap,2022,12,2022-12-01,54.20011128429098,49.18437446893701,5.015736815353975,0.16786074973565712
Kien Giang,2022,12,2022-12-01,56.44651250777577,52.99142222933625,3.4550902784395205,0.13917110952905293
Long An,2022,12,2022-12-01,57.92132781311309,54.5761313349412,3.3451964781718857,0.10584113088134178
Tien Giang,2022,12,2022-12-01,51.85214933671079,49.4524854770702,2.39966385964059,0.08878425275863834
Soc Trang,2023,1,2023-01-01,21.98458782939973,7.6880297391883134,14.296558090211416,1.6762327287179148
Tra Vinh,2023,1,2023-01-01,16.541939215816925,5.741213452351571,10.800725763465353,1.674278825316593
Vinh Long,2023,1,2023-01-01,20.08160706829856,6.580184768412957,13.501422299885602,1.7046769861553668
Bac Lieu,2023,1,2023-01-01,33.7754775080247,12.794831310783696,20.980646197241004,1.7456016173108708
Ca Mau,2023,1,2023-01-01,37.04457116029805,16.230701294998156,20.813869865299893,1.648604692647783
Can Tho city,2023,1,2023-01-01,27.911807976646173,11.194913780077384,16.716894196568788,1.6354212893360094
Hau Giang,2023,1,2023-01-01,29.991033411709385,11.448785331304839,18.542248080404548,1.6932888759760831
An Giang,2023,1,2023-01-01,29.145907429612446,12.030315756014593,17.115591673597855,1.7234977499864141
Ben Tre,2023,1,2023-01-01,17.09769604834191,5.404344217723889,11.69335183061802,1.688246134731537
Dong Thap,2023,1,2023-01-01,26.272524292103608,10.613703675909454,15.658820616194154,1.68566549861748
Kien Giang,2023,1,2023-01-01,42.59831843187317,16.630493507464067,25.9678249244091,1.749173352017112
Long An,2023,1,2023-01-01,25.68130570188934,11.221115970430265,14.460189731459074,1.6819733465537343
Tien Giang,2023,1,2023-01-01,18.013845309375803,6.410953079547847,11.602892229827956,1.661597317204602
Soc Trang,2023,2,2023-02-01,11.559318511550972,5.972682936447796,5.586635575103176,1.221297706757118
Tra Vinh,2023,2,2023-02-01,6.793682219165699,2.5931895193082424,4.200492699857457,1.478327317954407
Vinh Long,2023,2,2023-02-01,9.17099575083367,4.195738415120273,4.975257335713398,1.2384334671924062
Bac Lieu,2023,2,2023-02-01,12.787028298119074,5.961832429383697,6.825195868735377,1.244591044725973
Ca Mau,2023,2,2023-02-01,16.610577780974854,6.862763033455981,9.747814747518873,1.4229446761098328
Can Tho city,2023,2,2023-02-01,11.053309682144036,5.587269902071623,5.466039780072413,1.0749370337628263
Hau Giang,2023,2,2023-02-01,12.541947480352968,6.152568279818326,6.389379200534642,1.2017377300880174
An Giang,2023,2,2023-02-01,15.528279814444442,9.530363498112969,5.997916316331473,0.7071519003177694
Ben Tre,2023,2,2023-02-01,7.425597510945013,3.882770202044445,3.542827308900568,1.3333405320599407
Dong Thap,2023,2,2023-02-01,11.952093968622052,6.367224494993593,5.5848694736284585,0.9456991571526313
Kien Giang,2023,2,2023-02-01,20.054025935614177,10.84326657686892,9.210759358745257,0.9523163586231189
Long An,2023,2,2023-02-01,10.386685634947616,5.883360655482852,4.5033249794647645,0.8457370992892094
Tien Giang,2023,2,2023-02-01,9.246840381960125,5.118676452038725,4.128163929921399,1.1975074887836794
Soc Trang,2023,3,2023-03-01,8.02542776788354,15.99497164745216,-7.96954387956862,-0.4436348227225809
Tra Vinh,2023,3,2023-03-01,4.553846823911364,8.97210953238874,-4.418262708477377,-0.3280078671108327
Vinh Long,2023,3,2023-03-01,4.140139215563525,9.479155288308448,-5.339016072744923,-0.3833395005724317
Bac Lieu,2023,3,2023-03-01,8.758660627216473,21.581043335771263,-12.82238270855479,-0.5986852087438793
Ca Mau,2023,3,2023-03-01,9.113848268551974,27.077905472937893,-17.964057204385917,-0.7109764627832381
Can Tho city,2023,3,2023-03-01,3.221410895363036,20.561978881302434,-17.340567985939398,-0.6203549496844555
Hau Giang,2023,3,2023-03-01,10.61021999372223,22.84759487238667,-12.237374878664438,-0.4710060400412127
An Giang,2023,3,2023-03-01,7.226068920142598,35.147584256100636,-27.921515335958038,-0.5731815011626507
Ben Tre,2023,3,2023-03-01,3.841762181744973,9.80827491550018,-5.966512733755207,-0.40714260198434443
Dong Thap,2023,3,2023-03-01,5.0845064309536125,25.134963783076305,-20.05045735212269,-0.551387835805432
Kien Giang,2023,3,2023-03-01,10.197806439200749,36.63712057374478,-26.439314134544034,-0.5878470068625827
Long An,2023,3,2023-03-01,5.682944465760647,22.79723346485077,-17.11428899909012,-0.47989008246389564
Tien Giang,2023,3,2023-03-01,4.129740892537995,13.365038827504671,-9.235297934966678,-0.48294310659027023
Soc Trang,2023,4,2023-04-01,49.15336307815044,66.70604570787289,-17.552682629722447,-0.2912689263868039
Tra Vinh,2023,4,2023-04-01,26.35351501614568,42.92728777741103,-16.573772761265353,-0.38264003536519564
Vinh Long,2023,4,2023-04-01,36.2316682874898,58.79252006874107,-22.560851781251266,-0.38559282567933756
Bac Lieu,2023,4,2023-04-01,66.5982459075025,88.21842665642214,-21.620180748919637,-0.3000514081124725
Ca Mau,2023,4,2023-04-01,73.44121333174596,105.88089944388848,-32.439686112142525,-0.39858468494971666
Can Tho city,2023,4,2023-04-01,66.43205516605266,82.364062877295,-15.932007711242335,-0.25547415597053247
Hau Giang,2023,4,2023-04-01,61.33132602479075,86.99123858114103,-25.659912556350285,-0.3487298552941532
An Giang,2023,4,2023-04-01,83.1203726838042,109.16906990954871,-26.048697225744505,-0.369741541008404
Ben Tre,2023,4,2023-04-01,20.805331369223413,38.79695303889365,-17.991621669670234,-0.4285569247867524
Dong Thap,2023,4,2023-04-01,61.407995112556335,90.7125820971751,-29.304586984618766,-0.4432917189931419
Kien Giang,2023,4,2023-04-01,96.08796350134656,127.17557781435383,-31.087614313007265,-0.34786622153142577
Long An,2023,4,2023-04-01,54.54331741329641,89.72440253615437,-35.181085122857965,-0.4664026406265258
Tien Giang,2023,4,2023-04-01,33.283462192947646,59.075908259042556,-25.79244606609491,-0.4521272562325635
Soc Trang,2023,5,2023-05-01,176.94660578086726,194.01699312691792,-17.070387346050666,-0.284303427816779
Tra Vinh,2023,5,2023-05-01,145.83584351256448,169.47884600883512,-23.64300249627064,-0.35981594279926604
Vinh Long,2023,5,2023-05-01,135.23620751034963,170.5043480668226,-35.26814055647296,-0.6144109170711366
Bac Lieu,2023,5,2023-05-01,190.18984496735348,205.53150745808225,-15.341662490728766,-0.2550864862033497
Ca Mau,2023,5,2023-05-01,182.30218312847103,206.70313091945937,-24.40094779098834,-0.36742168146909476
Can Tho city,2023,5,2023-05-01,128.0261276474091,162.59051541897907,-34.564387771569955,-0.6791467769850711
Hau Giang,2023,5,2023-05-01,172.9089106317569,193.02898950661285,-20.12007887485595,-0.367614418746742
An Giang,2023,5,2023-05-01,134.18697810423086,151.61600069956518,-17.429022595334317,-0.40239828865764965
Ben Tre,2023,5,2023-05-01,131.68416047524968,163.69277916509859,-32.0086186898489,-0.543171368901795
Dong Thap,2023,5,2023-05-01,137.8883771348071,154.8128550674149,-16.9244779326078,-0.37606950315622545
Kien Giang,2023,5,2023-05-01,153.11112436336649,196.28722097332025,-43.17609660995376,-0.7173824347268297
Long An,2023,5,2023-05-01,173.60953472961566,192.97826347170076,-19.368728742085096,-0.3624712892222486
Tien Giang,2023,5,2023-05-01,148.6847081809488,173.96423418733346,-25.279526006384657,-0.47065450270154946
Soc Trang,2023,6,2023-06-01,215.8896345293217,226.24516051619239,-10.355525986870674,-0.15073957173442704
Tra Vinh,2023,6,2023-06-01,200.6196473568261,207.52237417164648,-6.902726814820369,-0.09059408658249436
Vinh Long,2023,6,2023-06-01,196.64390564809443,205.4230556715539,-8.779150023459465,-0.18987347695480206
Bac Lieu,2023,6,2023-06-01,221.3635020428336,244.9771085697252,-23.6136065268916,-0.34809154995727265
Ca Mau,2023,6,2023-06-01,202.9247484227641,255.985056722725,-53.060308299960894,-0.6228691609707543
Can Tho city,2023,6,2023-06-01,172.71704038744994,193.57390857613913,-20.85686818868919,-0.5134939504578935
Hau Giang,2023,6,2023-06-01,202.74864331692208,219.88671150342688,-17.138068186504796,-0.3528882190892326
An Giang,2023,6,2023-06-01,143.18050449641223,155.83623617856074,-12.655731682148513,-0.43217549403533206
Ben Tre,2023,6,2023-06-01,194.987700991312,198.69895188391342,-3.711250892601413,-0.06213560467924822
Dong Thap,2023,6,2023-06-01,148.80484201263127,159.81865675200544,-11.013814739374169,-0.3582965974432442
Kien Giang,2023,6,2023-06-01,209.74244248490007,232.14506105040056,-22.40261856550049,-0.40207964765782916
Long An,2023,6,2023-06-01,219.73022075071592,208.0359362719376,11.694284478778314,0.2651309299751231
Tien Giang,2023,6,2023-06-01,205.99373956055413,196.7738399764542,9.21989958409992,0.20978657172053766
Soc Trang,2023,7,2023-07-01,475.92900620832313,358.00975132525224,117.91925488307089,0.9638988816933116
Tra Vinh,2023,7,2023-07-01,377.4300684175665,282.56197663467486,94.86809178289161,0.9791824768779651
Vinh Long,2023,7,2023-07-01,393.6571650151954,284.8555648909585,108.80160012423693,1.3824747580991106
Bac Lieu,2023,7,2023-07-01,461.2803358067631,354.63521403191737,106.64512177484573,0.9297441710263483
Ca Mau,2023,7,2023-07-01,472.18625596424033,381.5162130509005,90.67004291333984,0.778210202748429
Can Tho city,2023,7,2023-07-01,394.52099479257424,287.6573770429215,106.86361774965275,1.4055852694555901
Hau Giang,2023,7,2023-07-01,497.3243696572786,379.313535545294,118.01083411198465,1.2081270439243055
An Giang,2023,7,2023-07-01,282.10291248087066,238.04490706878582,44.05800541208484,0.9282526795591258
Ben Tre,2023,7,2023-07-01,324.6999267771713,241.45807497863393,83.24185179853737,1.1391102887789575
Dong Thap,2023,7,2023-07-01,263.1493426892365,206.99971557470116,56.14962711453535,1.2879195966656296
Kien Giang,2023,7,2023-07-01,498.34430442502327,402.4883981245007,95.85590630052258,1.0443389667314888
Long An,2023,7,2023-07-01,345.07893872274303,262.7121758962866,82.36676282645641,1.3882026404141812
Tien Giang,2023,7,2023-07-01,341.12713283883653,245.14015764919873,95.9869751896378,1.497299466772027
Soc Trang,2023,8,2023-08-01,209.2040636891944,241.49296085117174,-32.28889716197733,-1.3994055122671853
Tra Vinh,2023,8,2023-08-01,198.3241995056228,216.64571885499464,-18.32151934937184,-1.3014909962014518
Vinh Long,2023,8,2023-08-01,196.11383295033747,210.12100627108902,-14.007173320751548,-1.217014173660594
Bac Lieu,2023,8,2023-08-01,234.82142849641,278.29515200164224,-43.47372350523224,-1.1383360220525012
Ca Mau,2023,8,2023-08-01,227.00803114577096,266.71950613787396,-39.71147499210301,-0.9157693689441074
Can Tho city,2023,8,2023-08-01,172.76280442006907,194.54109036580144,-21.778285945732364,-1.1096078456123692
Hau Giang,2023,8,2023-08-01,209.077936678548,249.57317666999506,-40.49523999144705,-1.5046257132765735
An Giang,2023,8,2023-08-01,138.38329670152228,151.44110058406204,-13.057803882539758,-0.7565748245072875
Ben Tre,2023,8,2023-08-01,175.89715186551865,187.5689915686928,-11.671839703174157,-1.2024389807154654
Dong Thap,2023,8,2023-08-01,142.84096921567382,153.86886658385637,-11.02789736818255,-0.7193454629926259
Kien Giang,2023,8,2023-08-01,214.39106634978083,262.23165833588877,-47.84059198610794,-1.2938982826248402
Long An,2023,8,2023-08-01,183.56845534711488,193.91751058261949,-10.349055235504608,-0.5566730461610716
Tien Giang,2023,8,2023-08-01,181.9267370842296,186.15439023429704,-4.227653150067454,-0.5675636861416982
Soc Trang,2023,9,2023-09-01,284.13675621933163,326.66163263399426,-42.52487641466263,-1.0263369241056126
Tra Vinh,2023,9,2023-09-01,238.11268530866465,267.07578525240626,-28.96309994374161,-0.929451476190964
Vinh Long,2023,9,2023-09-01,215.65345240188864,258.7228448736612,-43.069392471772545,-1.225461231913259
Bac Lieu,2023,9,2023-09-01,338.2426193955869,397.92563999468774,-59.683020599100814,-0.7148333400984779
Ca Mau,2023,9,2023-09-01,372.7398821988421,433.79291387474905,-61.05303167590694,-0.5957258914163027
Can Tho city,2023,9,2023-09-01,232.793042921634,264.4464392924925,-31.65339637085853,-0.9345875241656885
Hau Giang,2023,9,2023-09-01,296.0366266927041,327.1014417440971,-31.064815051392998,-0.5726453932506951
An Giang,2023,9,2023-09-01,205.68437775682196,235.70773958946202,-30.023361832640063,-0.9677690565061267
Ben Tre,2023,9,2023-09-01,192.24239137353788,230.49891971104753,-38.25652833750965,-1.2546860339910408
Dong Thap,2023,9,2023-09-01,187.2833295513792,219.52492204918212,-32.24159249780291,-1.2884730959666861
Kien Giang,2023,9,2023-09-01,322.33207364189144,366.37410428909266,-44.042030647201216,-0.7280444201925377
Long An,2023,9,2023-09-01,235.68746732230332,269.87703287248587,-34.18956555018255,-1.3878431251001468
Tien Giang,2023,9,2023-09-01,198.1461859893448,242.7057499543072,-44.55956396496242,-1.4733671682963296
Soc Trang,2023,10,2023-10-01,243.2488977512172,335.4119841688411,-92.1630864176239,-1.0034502363110043
Tra Vinh,2023,10,2023-10-01,252.3944642595966,339.1136252157864,-86.7191609561898,-1.149495262427552
Vinh Long,2023,10,2023-10-01,251.13013664375228,314.31024509936026,-63.18010845560798,-0.8079854625470181
Bac Lieu,2023,10,2023-10-01,250.4254192786958,337.60909156325994,-87.18367228456412,-0.8070514578205562
Ca Mau,2023,10,2023-10-01,273.216431558962,355.65986661280465,-82.44343505384268,-0.6805158820081361
Can Tho city,2023,10,2023-10-01,254.71319224456647,301.4348332222371,-46.72164097767063,-0.709082273940132
Hau Giang,2023,10,2023-10-01,245.5009895104133,313.9405801437965,-68.43959063338323,-0.844374270587818
An Giang,2023,10,2023-10-01,256.47390946975526,290.7636411498616,-34.28973168010634,-0.6307185115937948
Ben Tre,2023,10,2023-10-01,255.4695820065897,341.69776364545856,-86.22818163886888,-1.3039556531159273
Dong Thap,2023,10,2023-10-01,254.0864599015362,288.8273549742914,-34.740895072755194,-0.8855179875002401
Kien Giang,2023,10,2023-10-01,271.26772311919825,333.29098202756506,-62.02325890836681,-0.6657680978580692
Long An,2023,10,2023-10-01,290.2422068094365,333.06629494409026,-42.82408813465378,-1.5527012177202308
Tien Giang,2023,10,2023-10-01,256.5034121696208,338.230066800051,-81.72665463043023,-1.3980840309889584
Soc Trang,2023,11,2023-11-01,169.73251732593363,188.8982130247992,-19.165695698865562,-0.30636448503839586
Tra Vinh,2023,11,2023-11-01,132.70651585767473,154.04877784512004,-21.342261987445312,-0.3827366046076902
Vinh Long,2023,11,2023-11-01,129.32884279806012,166.21619855273525,-36.88735575467513,-0.7479949673351056
Bac Lieu,2023,11,2023-11-01,202.91840644018555,209.89642584116913,-6.978019400983584,-0.11384509557943676
Ca Mau,2023,11,2023-11-01,280.5286605598545,233.41050221347618,47.118158346378294,0.6871146013778685
Can Tho city,2023,11,2023-11-01,162.1129245752472,176.85276548570246,-14.739840910455257,-0.2891645261902473
Hau Giang,2023,11,2023-11-01,164.27085046782156,191.32307308712126,-27.052222619299698,-0.47643882720960085
An Giang,2023,11,2023-11-01,169.26481730790127,159.77246995336685,9.492347354534417,0.1493432054354119
Ben Tre,2023,11,2023-11-01,101.93178384127404,138.61779187133737,-36.686008030063334,-0.9326733260939315
Dong Thap,2023,11,2023-11-01,160.60436994090833,161.7220152167222,-1.117645275813885,-0.021361806087374636
Kien Giang,2023,11,2023-11-01,168.58675828801395,177.70593716337262,-9.11917887535867,-0.16113474800288757
Long An,2023,11,2023-11-01,131.79229833145732,141.9155447382782,-10.123246406820869,-0.4375282861870251
Tien Giang,2023,11,2023-11-01,108.63301399807575,134.96671312940833,-26.33369913133258,-0.9932644624269865
Soc Trang,2023,12,2023-12-01,31.118742428468376,44.17481809277656,-13.056075664308185,-0.600948676261835
Tra Vinh,2023,12,2023-12-01,30.7850776407623,44.99067734377604,-14.205599703013743,-0.6522148614118615
Vinh Long,2023,12,2023-12-01,27.77893332471111,51.599431573073254,-23.820498248362142,-0.857314564252322
Bac Lieu,2023,12,2023-12-01,36.57883599744676,55.39436639441279,-18.815530396966032,-0.704512822887308
Ca Mau,2023,12,2023-12-01,46.54264607508252,67.47945331190567,-20.93680723682315,-0.8783738022907687
Can Tho city,2023,12,2023-12-01,24.01911695049501,48.032230035807814,-24.013113085312803,-0.8420759967247925
Hau Giang,2023,12,2023-12-01,35.494111659039426,51.904607572212626,-16.4104959131732,-0.6162420691859797
An Giang,2023,12,2023-12-01,18.805601993205425,45.60033178362376,-26.794729790418334,-1.0926834492291921
Ben Tre,2023,12,2023-12-01,33.39980644646648,53.101250406101784,-19.701443959635306,-0.7234926274153162
Dong Thap,2023,12,2023-12-01,18.567574393613373,49.18437446893701,-30.616800075323635,-1.0246468673193032
Kien Giang,2023,12,2023-12-01,29.5909548230868,52.99142222933625,-23.40046740624945,-0.9425713223033462
Long An,2023,12,2023-12-01,25.92011207659366,54.5761313349412,-28.65601925834754,-0.9066688622482668
Tien Giang,2023,12,2023-12-01,29.17231648193964,49.4524854770702,-20.28016899513056,-0.7503382787626143
Soc Trang,2024,1,2024-01-01,7.149523101057318,7.6880297391883134,-0.5385066381309951,-0.06313844533566891
Tra Vinh,2024,1,2024-01-01,6.378365710054174,5.741213452351571,0.6371522577026028,0.09876841213602497
Vinh Long,2024,1,2024-01-01,5.753701653090277,6.580184768412957,-0.8264831153226799,-0.1043509872399519
Bac Lieu,2024,1,2024-01-01,11.007252990888992,12.794831310783696,-1.7875783198947044,-0.14872752616591875
Ca Mau,2024,1,2024-01-01,19.189686331864195,16.230701294998156,2.9589850368660393,0.23437239921369324
Can Tho city,2024,1,2024-01-01,11.085949324292642,11.194913780077384,-0.10896445578474179,-0.010660041792204191
Hau Giang,2024,1,2024-01-01,9.732307784571312,11.448785331304839,-1.7164775467335271,-0.15674972760278083
An Giang,2024,1,2024-01-01,10.804079151376412,12.030315756014593,-1.2262366046381814,-0.12347899326816707
Ben Tre,2024,1,2024-01-01,5.7125123231554005,5.404344217723889,0.30816810543151174,0.04449225682922031
Dong Thap,2024,1,2024-01-01,10.14644626266604,10.613703675909454,-0.46725741324341463,-0.050300065361442825
Kien Giang,2024,1,2024-01-01,14.446198798990808,16.630493507464067,-2.1842947084732582,-0.14713246520011916
Long An,2024,1,2024-01-01,11.974987324504214,11.221115970430265,0.753871354073949,0.08768844308620363
Tien Giang,2024,1,2024-01-01,6.957436018633493,6.410953079547847,0.5464829390856467,0.07825933116473155
Soc Trang,2024,2,2024-02-01,0.4059506655532796,5.972682936447796,-5.566732270894516,-1.2169466336541481
Tra Vinh,2024,2,2024-02-01,0.0817869941962999,2.5931895193082424,-2.5114025251119423,-0.8838665424602814
Vinh Long,2024,2,2024-02-01,0.0,4.195738415120273,-4.195738415120273,-1.0443968064869353
Bac Lieu,2024,2,2024-02-01,0.0247928181947095,5.961832429383697,-5.937039611188987,-1.0826335938749123
Ca Mau,2024,2,2024-02-01,0.0241772277872605,6.862763033455981,-6.838585805668721,-0.9982677673243029
Can Tho city,2024,2,2024-02-01,0.0,5.587269902071623,-5.587269902071623,-1.0987778313032368
Hau Giang,2024,2,2024-02-01,0.0583989682658549,6.152568279818326,-6.094169311552472,-1.1462135780928935
An Giang,2024,2,2024-02-01,0.4835459016973641,9.530363498112969,-9.046817596415606,-1.0666161242887164
Ben Tre,2024,2,2024-02-01,1.2208300949976063,3.882770202044445,-2.6619401070468385,-1.0018192616176258
Dong Thap,2024,2,2024-02-01,0.17423013133861,6.367224494993593,-6.192994363654983,-1.0486743831014627
Kien Giang,2024,2,2024-02-01,0.2738279455899822,10.84326657686892,-10.569438631278938,-1.0927925611771985
Long An,2024,2,2024-02-01,0.671860262581049,5.883360655482852,-5.211500392901803,-0.9787344340761299
Tien Giang,2024,2,2024-02-01,1.6082058769394665,5.118676452038725,-3.5104705750992586,-1.0183255496145363
Soc Trang,2024,3,2024-03-01,5.266749756726089,15.99497164745216,-10.728221890726072,-0.597200152046643
Tra Vinh,2024,3,2024-03-01,0.7905848216552196,8.97210953238874,-8.181524710733521,-0.6073890683171032
Vinh Long,2024,3,2024-03-01,3.5806393832104946,9.479155288308448,-5.898515905097954,-0.4235113943038363
Bac Lieu,2024,3,2024-03-01,10.242012408564872,21.581043335771263,-11.339030927206391,-0.5294265700772391
Ca Mau,2024,3,2024-03-01,11.80979717859116,27.077905472937893,-15.268108294346733,-0.6042769461820546
Can Tho city,2024,3,2024-03-01,11.64057815412468,20.561978881302434,-8.921400727177753,-0.31916111996509094
Hau Giang,2024,3,2024-03-01,9.02636790326246,22.84759487238667,-13.821226969124208,-0.5319671455507851
An Giang,2024,3,2024-03-01,19.449561900408312,35.147584256100636,-15.698022355692324,-0.32225385731600886
Ben Tre,2024,3,2024-03-01,2.929560608904634,9.80827491550018,-6.878714306595546,-0.4693893679719999
Dong Thap,2024,3,2024-03-01,13.190049487173924,25.134963783076305,-11.94491429590238,-0.32848529720952757
Kien Giang,2024,3,2024-03-01,20.39757059824253,36.63712057374478,-16.23954997550225,-0.3610672651081219
Long An,2024,3,2024-03-01,8.05225937925799,22.79723346485077,-14.74497408559278,-0.4134537420888076
Tien Giang,2024,3,2024-03-01,6.154002669299708,13.365038827504671,-7.211036158204963,-0.37708801908737094
Soc Trang,2024,4,2024-04-01,8.087997052806996,66.70604570787289,-58.61804865506589,-0.9727069336819915
Tra Vinh,2024,4,2024-04-01,3.7653867848020286,42.92728777741103,-39.161900992609006,-0.9041339830482961
Vinh Long,2024,4,2024-04-01,4.538125705861043,58.79252006874107,-54.25439436288003,-0.9272746184738139
Bac Lieu,2024,4,2024-04-01,8.629949982599449,88.21842665642214,-79.5884766738227,-1.1045529532263736
Ca Mau,2024,4,2024-04-01,9.916740004033008,105.88089944388848,-95.96415943985548,-1.1791064847104622
Can Tho city,2024,4,2024-04-01,7.517104178573989,82.364062877295,-74.84695869872101,-1.2001917113700677
Hau Giang,2024,4,2024-04-01,10.325414556983306,86.99123858114103,-76.66582402415773,-1.04192333700432
An Giang,2024,4,2024-04-01,6.833840574988716,109.16906990954871,-102.33522933456,-1.4525711234500018
Ben Tre,2024,4,2024-04-01,2.2841007146050347,38.79695303889365,-36.512852324288616,-0.8697290324678532
Dong Thap,2024,4,2024-04-01,6.606381293853883,90.7125820971751,-84.10620080332122,-1.2722780345498759
Kien Giang,2024,4,2024-04-01,8.336059348173826,127.17557781435383,-118.83951846618001,-1.3297982225721032
Long An,2024,4,2024-04-01,5.662641654882057,89.72440253615437,-84.06176088127232,-1.114423478236251
Tien Giang,2024,4,2024-04-01,2.7675469485510384,59.075908259042556,-56.30836131049152,-0.9870543040789965
Soc Trang,2024,5,2024-05-01,226.9500434068968,194.01699312691792,32.933050279978886,0.5484924795937047
Tra Vinh,2024,5,2024-05-01,192.7048812365492,169.47884600883512,23.22603522771408,0.3534702398423011
Vinh Long,2024,5,2024-05-01,195.49955968381423,170.5043480668226,24.99521161699164,0.43544487034671137
Bac Lieu,2024,5,2024-05-01,239.52830825435277,205.53150745808225,33.99680079627052,0.5652662781831242
Ca Mau,2024,5,2024-05-01,241.12434236152916,206.70313091945937,34.42121144206979,0.5183036124080107
Can Tho city,2024,5,2024-05-01,175.18640513895627,162.59051541897907,12.595889719977208,0.2474934016802739
Hau Giang,2024,5,2024-05-01,212.02860370854071,193.02898950661285,18.99961420192787,0.3471423832230908
An Giang,2024,5,2024-05-01,162.2833666011793,151.61600069956518,10.667365901614119,0.24628631696441666
Ben Tre,2024,5,2024-05-01,184.98163922161172,163.69277916509859,21.28886005651313,0.36126205167741865
Dong Thap,2024,5,2024-05-01,164.8138231492521,154.8128550674149,10.000968081837215,0.22222600381495308
Kien Giang,2024,5,2024-05-01,212.20096580415023,196.28722097332025,15.913744830829984,0.2644111420144087
Long An,2024,5,2024-05-01,208.49389134165796,192.97826347170076,15.5156278699572,0.2903633848150326
Tien Giang,2024,5,2024-05-01,192.47015171279335,173.96423418733346,18.505917525459893,0.34454338296459447
Soc Trang,2024,6,2024-06-01,271.576361792543,226.24516051619239,45.33120127635064,0.6598608197466488
Tra Vinh,2024,6,2024-06-01,251.47732953720728,207.52237417164648,43.95495536556081,0.5768820263272895
Vinh Long,2024,6,2024-06-01,205.0529770949372,205.4230556715539,-0.37007857661669163,-0.008003976000059955
Bac Lieu,2024,6,2024-06-01,306.12317164980726,244.9771085697252,61.14606308008206,0.901362858193298
Ca Mau,2024,6,2024-06-01,361.0386736377871,255.985056722725,105.0536169150621,1.2332129292372767
Can Tho city,2024,6,2024-06-01,197.43142431110007,193.57390857613913,3.8575157349609412,0.09497164079374028
Hau Giang,2024,6,2024-06-01,235.1147347433397,219.88671150342688,15.22802323991283,0.3135586778452558
An Giang,2024,6,2024-06-01,174.45137959402248,155.83623617856074,18.615143415461745,0.6356810498332223
Ben Tre,2024,6,2024-06-01,215.58477838826548,198.69895188391342,16.885826504352053,0.2827108893253356
Dong Thap,2024,6,2024-06-01,155.0161315763484,159.81865675200544,-4.802525175657024,-0.15623364567971718
Kien Giang,2024,6,2024-06-01,284.3855269130797,232.14506105040056,52.240465862679116,0.9376059341515468
Long An,2024,6,2024-06-01,182.10596667446592,208.0359362719376,-25.929969597471683,-0.587880085017612
Tien Giang,2024,6,2024-06-01,184.27126668997917,196.7738399764542,-12.502573286475041,-0.28447945268054986
Soc Trang,2024,7,2024-07-01,455.27224070469,358.00975132525224,97.26248937943774,0.7950457695523231
Tra Vinh,2024,7,2024-07-01,374.5127873542042,282.56197663467486,91.95081071952933,0.9490717152542406
Vinh Long,2024,7,2024-07-01,315.54019546120924,284.8555648909585,30.68463057025076,0.3898906558040431
Bac Lieu,2024,7,2024-07-01,437.66231673254,354.63521403191737,83.0271027006226,0.7238396233077161
Ca Mau,2024,7,2024-07-01,474.850586537168,381.5162130509005,93.33437348626751,0.8010778354165704
Can Tho city,2024,7,2024-07-01,318.6625193343588,287.6573770429215,31.005142291437323,0.4078129881800718
Hau Giang,2024,7,2024-07-01,415.4780204055352,379.313535545294,36.1644848602412,0.37023119544929484
An Giang,2024,7,2024-07-01,278.93438256590167,238.04490706878582,40.88947549711585,0.8614953137563958
Ben Tre,2024,7,2024-07-01,303.6640247191034,241.45807497863393,62.205949740469464,0.8512477298574532
Dong Thap,2024,7,2024-07-01,225.738426155313,206.99971557470116,18.738710580611837,0.42981501059279614
Kien Giang,2024,7,2024-07-01,470.0765224247275,402.4883981245007,67.58812430022681,0.7363647647722829
Long An,2024,7,2024-07-01,289.2980551317839,262.7121758962866,26.58587923549726,0.4480762201400413
Tien Giang,2024,7,2024-07-01,250.05306178371924,245.14015764919873,4.912904134520517,0.0766363220258427
Soc Trang,2024,8,2024-08-01,227.55641527032665,241.49296085117174,-13.936545580845092,-0.6040119180894059
Tra Vinh,2024,8,2024-08-01,205.4030026369552,216.64571885499464,-11.242716218039448,-0.7986397662554144
Vinh Long,2024,8,2024-08-01,221.9295585387152,210.12100627108902,11.808552267626197,1.0259868391020917
Bac Lieu,2024,8,2024-08-01,276.76049902353986,278.29515200164224,-1.534652978102372,-0.04018406120915374
Ca Mau,2024,8,2024-08-01,284.61251159430964,266.71950613787396,17.893005456435674,0.41262295894604895
Can Tho city,2024,8,2024-08-01,197.9705941142274,194.54109036580144,3.429503748425958,0.17473387369845664
Hau Giang,2024,8,2024-08-01,250.5706234470201,249.57317666999506,0.9974467770250328,0.037060752539154924
An Giang,2024,8,2024-08-01,156.9478306571448,151.44110058406204,5.506730073082764,0.31906233055180894
Ben Tre,2024,8,2024-08-01,191.06482606442253,187.5689915686928,3.4958344957297243,0.3601426831326396
Dong Thap,2024,8,2024-08-01,160.9181879616921,153.86886658385637,7.049321377835724,0.4598244960960099
Kien Giang,2024,8,2024-08-01,263.0203994325632,262.23165833588877,0.7887410966744142,0.021332318603394528
Long An,2024,8,2024-08-01,200.84128517286425,193.91751058261949,6.923774590244761,0.37242807235787706
Tien Giang,2024,8,2024-08-01,196.8934270171675,186.15439023429704,10.739036782870471,1.4417188652290454
Soc Trang,2024,9,2024-09-01,361.11223369577215,326.66163263399426,34.45060106177789,0.8314644722904643
Tra Vinh,2024,9,2024-09-01,315.69497937203914,267.07578525240626,48.61919411963288,1.5602329113072844
Vinh Long,2024,9,2024-09-01,285.3845797558764,258.7228448736612,26.661734882215228,0.7586111760252445
Bac Lieu,2024,9,2024-09-01,478.0915747452718,397.92563999468774,80.16593475058409,0.960160567019626
Ca Mau,2024,9,2024-09-01,559.4639768198103,433.79291387474905,125.6710629450613,1.2262373209506767
Can Tho city,2024,9,2024-09-01,277.1793909576323,264.4464392924925,12.732951665139751,0.37594884392880007
Hau Giang,2024,9,2024-09-01,353.1066937281157,327.1014417440971,26.005251984018628,0.4793779626350614
An Giang,2024,9,2024-09-01,238.64977542522377,235.70773958946202,2.942035835761743,0.09483319226053476
Ben Tre,2024,9,2024-09-01,264.32568059745444,230.49891971104753,33.8267608864069,1.1094044939178596
Dong Thap,2024,9,2024-09-01,212.6073170961822,219.52492204918212,-6.9176049529999375,-0.27644874771845385
Kien Giang,2024,9,2024-09-01,435.0456351399864,366.37410428909266,68.67153085089376,1.1351866416552265
Long An,2024,9,2024-09-01,264.5115913695103,269.87703287248587,-5.365441502975557,-0.21779718411753457
Tien Giang,2024,9,2024-09-01,253.04031230856992,242.7057499543072,10.334562354262715,0.34171350696911484
Soc Trang,2024,10,2024-10-01,408.9237792367689,335.4119841688411,73.51179506792778,0.8003793167071328
Tra Vinh,2024,10,2024-10-01,391.76797648601183,339.1136252157864,52.65435127022545,0.6979533319273902
Vinh Long,2024,10,2024-10-01,423.6338845629704,314.31024509936026,109.32363946361016,1.3980968624229704
Bac Lieu,2024,10,2024-10-01,401.9249372338881,337.60909156325994,64.31584567062816,0.5953660318416338
Ca Mau,2024,10,2024-10-01,394.2614344960253,355.65986661280465,38.60156788322064,0.318630343311034
Can Tho city,2024,10,2024-10-01,365.8579253257491,301.4348332222371,64.42309210351198,0.9777326242638821
Hau Giang,2024,10,2024-10-01,382.50538643446345,313.9405801437965,68.56480629066692,0.8459191202619117
An Giang,2024,10,2024-10-01,313.0650810271666,290.7636411498616,22.30143987730503,0.41020825409295547
Ben Tre,2024,10,2024-10-01,411.03343528207415,341.69776364545856,69.33567163661559,1.048504552395668
Dong Thap,2024,10,2024-10-01,319.6397792164852,288.8273549742914,30.8124242421938,0.7853843675532906
Kien Giang,2024,10,2024-10-01,370.1495861307931,333.29098202756506,36.85860410322806,0.3956464586900233
Long An,2024,10,2024-10-01,346.2135595957141,333.06629494409026,13.147264651623857,0.4766890486979788
Tien Giang,2024,10,2024-10-01,406.2701250434722,338.230066800051,68.04005824342119,1.1639497459898052
Soc Trang,2024,11,2024-11-01,166.80567686341885,188.8982130247992,-22.092536161380337,-0.3531501580020418
Tra Vinh,2024,11,2024-11-01,141.5657004965719,154.04877784512004,-12.483077348548136,-0.22386243043258514
Vinh Long,2024,11,2024-11-01,143.5744200269449,166.21619855273525,-22.641778525790357,-0.45912579100118295
Bac Lieu,2024,11,2024-11-01,175.72153645611758,209.89642584116913,-34.17488938505156,-0.5575569978939109
Ca Mau,2024,11,2024-11-01,179.29597116808637,233.41050221347618,-54.11453104538981,-0.7891412935680103
Can Tho city,2024,11,2024-11-01,130.9183672561179,176.85276548570246,-45.93439822958456,-0.901135811477473
Hau Giang,2024,11,2024-11-01,149.5258437593607,191.32307308712126,-41.79722932776056,-0.7361252050070732
An Giang,2024,11,2024-11-01,90.95114641042008,159.77246995336685,-68.82132354294677,-1.0827666409933403
Ben Tre,2024,11,2024-11-01,125.61470722853218,138.61779187133737,-13.003084642805192,-0.33057917321905744
Dong Thap,2024,11,2024-11-01,106.6639846384721,161.7220152167222,-55.05803057825011,-1.052336549187166
Kien Giang,2024,11,2024-11-01,119.77877550990443,177.70593716337262,-57.92716165346819,-1.0235656875616452
Long An,2024,11,2024-11-01,126.02337017627768,141.9155447382782,-15.892174562000505,-0.6868622594439784
Tien Giang,2024,11,2024-11-01,122.77533006588914,134.96671312940833,-12.191383063519197,-0.4598392153125162
Soc Trang,2024,12,2024-12-01,76.35643057804965,44.17481809277656,32.18161248527309,1.481264196091113
Tra Vinh,2024,12,2024-12-01,75.42463179294677,44.99067734377604,30.433954449170727,1.3972995014824814
Vinh Long,2024,12,2024-12-01,87.31735605543923,51.599431573073254,35.71792448236598,1.285510342576584
Bac Lieu,2024,12,2024-12-01,95.90336543967312,55.39436639441279,40.50899904526033,1.516784734078902
Ca Mau,2024,12,2024-12-01,101.17872085748137,67.47945331190567,33.699267545575694,1.4138045707542497
Can Tho city,2024,12,2024-12-01,86.96403450653382,48.032230035807814,38.93180447072601,1.3652348172229618
Hau Giang,2024,12,2024-12-01,88.85739318591393,51.904607572212626,36.95278561370131,1.387640031675919
An Giang,2024,12,2024-12-01,75.24209840228895,45.60033178362376,29.641766618665187,1.208785012704699
Ben Tre,2024,12,2024-12-01,89.39526317982047,53.101250406101784,36.29401277371869,1.3328185850185195
Dong Thap,2024,12,2024-12-01,82.43153288813777,49.18437446893701,33.24715841920076,1.1126765905545912
Kien Giang,2024,12,2024-12-01,87.5574348432634,52.99142222933625,34.56601261392714,1.3923197195438164
Long An,2024,12,2024-12-01,87.44372582662297,54.5761313349412,32.867594491681764,1.0399219875569323
Tien Giang,2024,12,2024-12-01,84.14986318163416,49.4524854770702,34.69737770456396,1.28375511420393
