province_name,date,year,month,day,predicted_rainfall_mm,rain_probability,prediction_stage,model_name
Dong Thap,2026-01-01,2026,1,1,0.0,0.06679600477218628,recursive_daily,xgboost_recent_weighted_daily
Dong Thap,2026-01-02,2026,1,2,0.0,0.029391475021839142,recursive_daily,xgboost_recent_weighted_daily
Dong Thap,2026-01-03,2026,1,3,0.0,0.053390469402074814,recursive_daily,xgboost_recent_weighted_daily
Dong Thap,2026-01-04,2026,1,4,0.0,0.03600197657942772,recursive_daily,xgboost_recent_weighted_daily
Dong Thap,2026-01-05,2026,1,5,0.0,0.04227055609226227,recursive_daily,xgboost_recent_weighted_daily
Dong Thap,2026-01-06,2026,1,6,0.0,0.0179447028785944,recursive_daily,xgboost_recent_weighted_daily
Dong Thap,2026-01-07,2026,1,7,0.0,0.019167842343449593,recursive_daily,xgboost_recent_weighted_daily
Dong Thap,2026-01-08,2026,1,8,0.0,0.03640123829245567,recursive_daily,xgboost_recent_weighted_daily
Dong Thap,2026-01-09,2026,1,9,0.0,0.0750739574432373,recursive_daily,xgboost_recent_weighted_daily
Dong Thap,2026-01-10,2026,1,10,0.0,0.05492334067821503,recursive_daily,xgboost_recent_weighted_daily
Dong Thap,2026-01-11,2026,1,11,0.0,0.1177017018198967,recursive_daily,xgboost_recent_weighted_daily
Dong Thap,2026-01-12,2026,1,12,0.0,0.12997978925704956,recursive_daily,xgboost_recent_weighted_daily
Dong Thap,2026-01-13,2026,1,13,0.0,0.061780188232660294,recursive_daily,xgboost_recent_weighted_daily
Dong Thap,2026-01-14,2026,1,14,0.0,0.04574952647089958,recursive_daily,xgboost_recent_weighted_daily
Dong Thap,2026-01-15,2026,1,15,0.0,0.10738757252693176,recursive_daily,xgboost_recent_weighted_daily
Dong Thap,2026-01-16,2026,1,16,0.0,0.04270588606595993,recursive_daily,xgboost_recent_weighted_daily
Dong Thap,2026-01-17,2026,1,17,0.0,0.058933328837156296,recursive_daily,xgboost_recent_weighted_daily
Dong Thap,2026-01-18,2026,1,18,0.0,0.025498351082205772,recursive_daily,xgboost_recent_weighted_daily
Dong Thap,2026-01-19,2026,1,19,0.0,0.03535489737987518,recursive_daily,xgboost_recent_weighted_daily
Dong Thap,2026-01-20,2026,1,20,0.0,0.06739261746406555,recursive_daily,xgboost_recent_weighted_daily
Dong Thap,2026-01-21,2026,1,21,0.0,0.05153140798211098,recursive_daily,xgboost_recent_weighted_daily
Dong Thap,2026-01-22,2026,1,22,0.0,0.0796414241194725,recursive_daily,xgboost_recent_weighted_daily
Dong Thap,2026-01-23,2026,1,23,0.0,0.03247065097093582,recursive_daily,xgboost_recent_weighted_daily
Dong Thap,2026-01-24,2026,1,24,0.0,0.039138972759246826,recursive_daily,xgboost_recent_weighted_daily
Dong Thap,2026-01-25,2026,1,25,0.0,0.07624317705631256,recursive_daily,xgboost_recent_weighted_daily
Dong Thap,2026-01-26,2026,1,26,0.0,0.08361554890871048,recursive_daily,xgboost_recent_weighted_daily
Dong Thap,2026-01-27,2026,1,27,0.0,0.18274444341659546,recursive_daily,xgboost_recent_weighted_daily
Dong Thap,2026-01-28,2026,1,28,0.0,0.08310429751873016,recursive_daily,xgboost_recent_weighted_daily
Dong Thap,2026-01-29,2026,1,29,0.0,0.19446636736392975,recursive_daily,xgboost_recent_weighted_daily
Dong Thap,2026-01-30,2026,1,30,0.0,0.06362668424844742,recursive_daily,xgboost_recent_weighted_daily
Dong Thap,2026-01-31,2026,1,31,0.0,0.1274564415216446,recursive_daily,xgboost_recent_weighted_daily
Dong Thap,2026-02-01,2026,2,1,0.0,0.010888053104281425,recursive_daily,xgboost_recent_weighted_daily
Dong Thap,2026-02-02,2026,2,2,0.0,0.062436509877443314,recursive_daily,xgboost_recent_weighted_daily
Dong Thap,2026-02-03,2026,2,3,0.0,0.05755240097641945,recursive_daily,xgboost_recent_weighted_daily
Dong Thap,2026-02-04,2026,2,4,0.0,0.024566715583205223,recursive_daily,xgboost_recent_weighted_daily
Dong Thap,2026-02-05,2026,2,5,0.0,0.0315481498837471,recursive_daily,xgboost_recent_weighted_daily
Dong Thap,2026-02-06,2026,2,6,0.0,0.08458010107278824,recursive_daily,xgboost_recent_weighted_daily
Dong Thap,2026-02-07,2026,2,7,0.0,0.06996863335371017,recursive_daily,xgboost_recent_weighted_daily
Dong Thap,2026-02-08,2026,2,8,0.0,0.06081923842430115,recursive_daily,xgboost_recent_weighted_daily
Dong Thap,2026-02-09,2026,2,9,0.0,0.04309773072600365,recursive_daily,xgboost_recent_weighted_daily
Dong Thap,2026-02-10,2026,2,10,0.0,0.17793798446655273,recursive_daily,xgboost_recent_weighted_daily
Dong Thap,2026-02-11,2026,2,11,0.0,0.0219782292842865,recursive_daily,xgboost_recent_weighted_daily
Dong Thap,2026-02-12,2026,2,12,0.0,0.05307001993060112,recursive_daily,xgboost_recent_weighted_daily
Dong Thap,2026-02-13,2026,2,13,0.0,0.04958125948905945,recursive_daily,xgboost_recent_weighted_daily
Dong Thap,2026-02-14,2026,2,14,0.0,0.09673970937728882,recursive_daily,xgboost_recent_weighted_daily
Dong Thap,2026-02-15,2026,2,15,0.0,0.1488303244113922,recursive_daily,xgboost_recent_weighted_daily
Dong Thap,2026-02-16,2026,2,16,0.0,0.1608743965625763,recursive_daily,xgboost_recent_weighted_daily
Dong Thap,2026-02-17,2026,2,17,0.0,0.12128850817680359,recursive_daily,xgboost_recent_weighted_daily
Dong Thap,2026-02-18,2026,2,18,0.0,0.11367658525705338,recursive_daily,xgboost_recent_weighted_daily
Dong Thap,2026-02-19,2026,2,19,0.0,0.11778919398784637,recursive_daily,xgboost_recent_weighted_daily
Dong Thap,2026-02-20,2026,2,20,0.0,0.2867850065231323,recursive_daily,xgboost_recent_weighted_daily
Dong Thap,2026-02-21,2026,2,21,0.0,0.1595410853624344,recursive_daily,xgboost_recent_weighted_daily
Dong Thap,2026-02-22,2026,2,22,0.0,0.06995628029108047,recursive_daily,xgboost_recent_weighted_daily
Dong Thap,2026-02-23,2026,2,23,0.0,0.04793854430317879,recursive_daily,xgboost_recent_weighted_daily
Dong Thap,2026-02-24,2026,2,24,0.0,0.08688217401504517,recursive_daily,xgboost_recent_weighted_daily
Dong Thap,2026-02-25,2026,2,25,0.0,0.12773334980010986,recursive_daily,xgboost_recent_weighted_daily
Dong Thap,2026-02-26,2026,2,26,0.0,0.120474673807621,recursive_daily,xgboost_recent_weighted_daily
Dong Thap,2026-02-27,2026,2,27,0.0,0.1448657512664795,recursive_daily,xgboost_recent_weighted_daily
Dong Thap,2026-02-28,2026,2,28,0.0,0.16353721916675568,recursive_daily,xgboost_recent_weighted_daily
Dong Thap,2026-03-01,2026,3,1,0.0,0.28332632780075073,recursive_daily,xgboost_recent_weighted_daily
Dong Thap,2026-03-02,2026,3,2,0.0,0.18926189839839935,recursive_daily,xgboost_recent_weighted_daily
Dong Thap,2026-03-03,2026,3,3,2.6859701168980377,0.31270721554756165,recursive_daily,xgboost_recent_weighted_daily
Dong Thap,2026-03-04,2026,3,4,0.0,0.29314595460891724,recursive_daily,xgboost_recent_weighted_daily
Dong Thap,2026-03-05,2026,3,5,0.0,0.23082873225212097,recursive_daily,xgboost_recent_weighted_daily
Dong Thap,2026-03-06,2026,3,6,0.0,0.24446582794189453,recursive_daily,xgboost_recent_weighted_daily
Dong Thap,2026-03-07,2026,3,7,0.0,0.27834510803222656,recursive_daily,xgboost_recent_weighted_daily
Dong Thap,2026-03-08,2026,3,8,3.9932671443410164,0.31481558084487915,recursive_daily,xgboost_recent_weighted_daily
Dong Thap,2026-03-09,2026,3,9,0.0,0.18776801228523254,recursive_daily,xgboost_recent_weighted_daily
Dong Thap,2026-03-10,2026,3,10,0.0,0.053223107010126114,recursive_daily,xgboost_recent_weighted_daily
Dong Thap,2026-03-11,2026,3,11,0.0,0.05297613888978958,recursive_daily,xgboost_recent_weighted_daily
Dong Thap,2026-03-12,2026,3,12,0.0,0.06130076199769974,recursive_daily,xgboost_recent_weighted_daily
Dong Thap,2026-03-13,2026,3,13,0.0,0.046882499009370804,recursive_daily,xgboost_recent_weighted_daily
Dong Thap,2026-03-14,2026,3,14,0.0,0.0594404973089695,recursive_daily,xgboost_recent_weighted_daily
Dong Thap,2026-03-15,2026,3,15,0.0,0.08276370167732239,recursive_daily,xgboost_recent_weighted_daily
Dong Thap,2026-03-16,2026,3,16,0.0,0.0748121440410614,recursive_daily,xgboost_recent_weighted_daily
Dong Thap,2026-03-17,2026,3,17,0.0,0.061131276190280914,recursive_daily,xgboost_recent_weighted_daily
Dong Thap,2026-03-18,2026,3,18,0.0,0.10495206713676453,recursive_daily,xgboost_recent_weighted_daily
Dong Thap,2026-03-19,2026,3,19,0.0,0.10698872059583664,recursive_daily,xgboost_recent_weighted_daily
Dong Thap,2026-03-20,2026,3,20,0.0,0.12351184338331223,recursive_daily,xgboost_recent_weighted_daily
Dong Thap,2026-03-21,2026,3,21,0.0,0.11159456521272659,recursive_daily,xgboost_recent_weighted_daily
Dong Thap,2026-03-22,2026,3,22,0.0,0.08750242739915848,recursive_daily,xgboost_recent_weighted_daily
Dong Thap,2026-03-23,2026,3,23,0.0,0.1116647869348526,recursive_daily,xgboost_recent_weighted_daily
Dong Thap,2026-03-24,2026,3,24,0.0,0.05741838738322258,recursive_daily,xgboost_recent_weighted_daily
Dong Thap,2026-03-25,2026,3,25,0.0,0.05389278754591942,recursive_daily,xgboost_recent_weighted_daily
Dong Thap,2026-03-26,2026,3,26,0.0,0.06545063853263855,recursive_daily,xgboost_recent_weighted_daily
Dong Thap,2026-03-27,2026,3,27,0.0,0.12130878120660782,recursive_daily,xgboost_recent_weighted_daily
Dong Thap,2026-03-28,2026,3,28,0.0,0.12816862761974335,recursive_daily,xgboost_recent_weighted_daily
Dong Thap,2026-03-29,2026,3,29,0.0,0.25958770513534546,recursive_daily,xgboost_recent_weighted_daily
Dong Thap,2026-03-30,2026,3,30,0.0,0.12476737797260284,recursive_daily,xgboost_recent_weighted_daily
Dong Thap,2026-03-31,2026,3,31,0.0,0.16468051075935364,recursive_daily,xgboost_recent_weighted_daily
Dong Thap,2026-04-01,2026,4,1,0.0,0.20286890864372253,recursive_daily,xgboost_recent_weighted_daily
Dong Thap,2026-04-02,2026,4,2,0.0,0.24397948384284973,recursive_daily,xgboost_recent_weighted_daily
Dong Thap,2026-04-03,2026,4,3,4.008280510370384,0.7823023796081543,recursive_daily,xgboost_recent_weighted_daily
Dong Thap,2026-04-04,2026,4,4,5.775635118229695,0.45915552973747253,recursive_daily,xgboost_recent_weighted_daily
Dong Thap,2026-04-05,2026,4,5,5.65564122010865,0.4647524058818817,recursive_daily,xgboost_recent_weighted_daily
Dong Thap,2026-04-06,2026,4,6,6.664599571525162,0.3772931694984436,recursive_daily,xgboost_recent_weighted_daily
Dong Thap,2026-04-07,2026,4,7,6.890722250496415,0.3823132812976837,recursive_daily,xgboost_recent_weighted_daily
Dong Thap,2026-04-08,2026,4,8,7.397481762031242,0.43979257345199585,recursive_daily,xgboost_recent_weighted_daily
Dong Thap,2026-04-09,2026,4,9,7.5078273437536724,0.7119781970977783,recursive_daily,xgboost_recent_weighted_daily
Dong Thap,2026-04-10,2026,4,10,5.934136315967675,0.7748990058898926,recursive_daily,xgboost_recent_weighted_daily
Dong Thap,2026-04-11,2026,4,11,9.320743614688134,0.8288348913192749,recursive_daily,xgboost_recent_weighted_daily
Dong Thap,2026-04-12,2026,4,12,8.642315189021309,0.8256649971008301,recursive_daily,xgboost_recent_weighted_daily
Dong Thap,2026-04-13,2026,4,13,7.896528997627188,0.8542460203170776,recursive_daily,xgboost_recent_weighted_daily
Dong Thap,2026-04-14,2026,4,14,7.986505990130079,0.8300796151161194,recursive_daily,xgboost_recent_weighted_daily
Dong Thap,2026-04-15,2026,4,15,9.419117427708834,0.8819911479949951,recursive_daily,xgboost_recent_weighted_daily
Dong Thap,2026-04-16,2026,4,16,8.343532592689465,0.8855552673339844,recursive_daily,xgboost_recent_weighted_daily
Dong Thap,2026-04-17,2026,4,17,6.232232537141263,0.8874678611755371,recursive_daily,xgboost_recent_weighted_daily
Dong Thap,2026-04-18,2026,4,18,6.001710631134654,0.749980628490448,recursive_daily,xgboost_recent_weighted_daily
Dong Thap,2026-04-19,2026,4,19,6.345117775757644,0.8887186050415039,recursive_daily,xgboost_recent_weighted_daily
Dong Thap,2026-04-20,2026,4,20,6.3049871343406405,0.8727179765701294,recursive_daily,xgboost_recent_weighted_daily
Dong Thap,2026-04-21,2026,4,21,6.894636053026717,0.8773533701896667,recursive_daily,xgboost_recent_weighted_daily
Dong Thap,2026-04-22,2026,4,22,6.559185230009272,0.8582121133804321,recursive_daily,xgboost_recent_weighted_daily
Dong Thap,2026-04-23,2026,4,23,6.274829219698216,0.7933874130249023,recursive_daily,xgboost_recent_weighted_daily
Dong Thap,2026-04-24,2026,4,24,8.381347420443216,0.8522905707359314,recursive_daily,xgboost_recent_weighted_daily
Dong Thap,2026-04-25,2026,4,25,10.07978927262214,0.7752601504325867,recursive_daily,xgboost_recent_weighted_daily
Dong Thap,2026-04-26,2026,4,26,7.930542872652429,0.8057391047477722,recursive_daily,xgboost_recent_weighted_daily
Dong Thap,2026-04-27,2026,4,27,8.164195531195764,0.6682248115539551,recursive_daily,xgboost_recent_weighted_daily
Dong Thap,2026-04-28,2026,4,28,8.754827887735283,0.6071434020996094,recursive_daily,xgboost_recent_weighted_daily
Dong Thap,2026-04-29,2026,4,29,8.906432064248337,0.5445749759674072,recursive_daily,xgboost_recent_weighted_daily
Dong Thap,2026-04-30,2026,4,30,7.857200911354738,0.47970956563949585,recursive_daily,xgboost_recent_weighted_daily
Dong Thap,2026-05-01,2026,5,1,6.260559246802259,0.5171317458152771,recursive_daily,xgboost_recent_weighted_daily
Dong Thap,2026-05-02,2026,5,2,7.436081598925322,0.753468930721283,recursive_daily,xgboost_recent_weighted_daily
Dong Thap,2026-05-03,2026,5,3,6.957728897690682,0.6869767308235168,recursive_daily,xgboost_recent_weighted_daily
Dong Thap,2026-05-04,2026,5,4,7.065306441600784,0.7520691752433777,recursive_daily,xgboost_recent_weighted_daily
Dong Thap,2026-05-05,2026,5,5,6.726229781983907,0.7565827965736389,recursive_daily,xgboost_recent_weighted_daily
Dong Thap,2026-05-06,2026,5,6,7.070300544650067,0.7373879551887512,recursive_daily,xgboost_recent_weighted_daily
Dong Thap,2026-05-07,2026,5,7,7.303862557090253,0.8017802238464355,recursive_daily,xgboost_recent_weighted_daily
Dong Thap,2026-05-08,2026,5,8,7.200486337138866,0.7720726132392883,recursive_daily,xgboost_recent_weighted_daily
Dong Thap,2026-05-09,2026,5,9,6.959142218162198,0.6449829339981079,recursive_daily,xgboost_recent_weighted_daily
Dong Thap,2026-05-10,2026,5,10,7.189304705709599,0.699216365814209,recursive_daily,xgboost_recent_weighted_daily
Dong Thap,2026-05-11,2026,5,11,7.3769707629971055,0.6922712922096252,recursive_daily,xgboost_recent_weighted_daily
Dong Thap,2026-05-12,2026,5,12,7.912866610960291,0.7807433605194092,recursive_daily,xgboost_recent_weighted_daily
Dong Thap,2026-05-13,2026,5,13,8.501081053310166,0.7681914567947388,recursive_daily,xgboost_recent_weighted_daily
Dong Thap,2026-05-14,2026,5,14,8.798093478705313,0.698729932308197,recursive_daily,xgboost_recent_weighted_daily
Dong Thap,2026-05-15,2026,5,15,7.468332245999623,0.7010422945022583,recursive_daily,xgboost_recent_weighted_daily
Dong Thap,2026-05-16,2026,5,16,6.891093488375687,0.6519424915313721,recursive_daily,xgboost_recent_weighted_daily
Dong Thap,2026-05-17,2026,5,17,7.574208070444627,0.6852636933326721,recursive_daily,xgboost_recent_weighted_daily
Dong Thap,2026-05-18,2026,5,18,7.023881570381723,0.6420808434486389,recursive_daily,xgboost_recent_weighted_daily
Dong Thap,2026-05-19,2026,5,19,7.40451589116701,0.7374754548072815,recursive_daily,xgboost_recent_weighted_daily
Dong Thap,2026-05-20,2026,5,20,7.8016878128790115,0.6689520478248596,recursive_daily,xgboost_recent_weighted_daily
Dong Thap,2026-05-21,2026,5,21,9.379728908737192,0.6197528839111328,recursive_daily,xgboost_recent_weighted_daily
Dong Thap,2026-05-22,2026,5,22,8.236352035149357,0.7017167806625366,recursive_daily,xgboost_recent_weighted_daily
Dong Thap,2026-05-23,2026,5,23,8.23285091319527,0.6233237385749817,recursive_daily,xgboost_recent_weighted_daily
Dong Thap,2026-05-24,2026,5,24,9.995161040585337,0.5786275267601013,recursive_daily,xgboost_recent_weighted_daily
Dong Thap,2026-05-25,2026,5,25,9.531126246462343,0.720852255821228,recursive_daily,xgboost_recent_weighted_daily
Dong Thap,2026-05-26,2026,5,26,9.378409410991217,0.6548221111297607,recursive_daily,xgboost_recent_weighted_daily
Dong Thap,2026-05-27,2026,5,27,9.450631878203199,0.5555331110954285,recursive_daily,xgboost_recent_weighted_daily
Dong Thap,2026-05-28,2026,5,28,9.907092037321382,0.57144695520401,recursive_daily,xgboost_recent_weighted_daily
Dong Thap,2026-05-29,2026,5,29,9.932630874322264,0.6163197755813599,recursive_daily,xgboost_recent_weighted_daily
Dong Thap,2026-05-30,2026,5,30,9.90265559011529,0.7090209722518921,recursive_daily,xgboost_recent_weighted_daily
Dong Thap,2026-05-31,2026,5,31,9.552696269524505,0.5800021290779114,recursive_daily,xgboost_recent_weighted_daily
Dong Thap,2026-06-01,2026,6,1,7.872827917895608,0.6813811659812927,recursive_daily,xgboost_recent_weighted_daily
Dong Thap,2026-06-02,2026,6,2,9.113766242262717,0.6730999946594238,recursive_daily,xgboost_recent_weighted_daily
Dong Thap,2026-06-03,2026,6,3,10.197001473651625,0.7246115803718567,recursive_daily,xgboost_recent_weighted_daily
Dong Thap,2026-06-04,2026,6,4,8.451301401486996,0.8093880414962769,recursive_daily,xgboost_recent_weighted_daily
Dong Thap,2026-06-05,2026,6,5,10.105770353813663,0.6911314725875854,recursive_daily,xgboost_recent_weighted_daily
Dong Thap,2026-06-06,2026,6,6,7.846362256400565,0.6134305596351624,recursive_daily,xgboost_recent_weighted_daily
Dong Thap,2026-06-07,2026,6,7,10.247110751912592,0.658988893032074,recursive_daily,xgboost_recent_weighted_daily
Dong Thap,2026-06-08,2026,6,8,9.407430262892824,0.7208946347236633,recursive_daily,xgboost_recent_weighted_daily
Dong Thap,2026-06-09,2026,6,9,8.828576285961702,0.7363330721855164,recursive_daily,xgboost_recent_weighted_daily
Dong Thap,2026-06-10,2026,6,10,9.874350204808058,0.6323251724243164,recursive_daily,xgboost_recent_weighted_daily
Dong Thap,2026-06-11,2026,6,11,10.491837133012233,0.643408477306366,recursive_daily,xgboost_recent_weighted_daily
Dong Thap,2026-06-12,2026,6,12,9.618088666116314,0.7544442415237427,recursive_daily,xgboost_recent_weighted_daily
Dong Thap,2026-06-13,2026,6,13,9.831559617199769,0.7389970421791077,recursive_daily,xgboost_recent_weighted_daily
Dong Thap,2026-06-14,2026,6,14,9.388003498493935,0.8019438982009888,recursive_daily,xgboost_recent_weighted_daily
Dong Thap,2026-06-15,2026,6,15,9.512791509845037,0.7593908905982971,recursive_daily,xgboost_recent_weighted_daily
Dong Thap,2026-06-16,2026,6,16,9.088271978988939,0.7283049821853638,recursive_daily,xgboost_recent_weighted_daily
Dong Thap,2026-06-17,2026,6,17,9.53510772541222,0.7487044334411621,recursive_daily,xgboost_recent_weighted_daily
Dong Thap,2026-06-18,2026,6,18,9.545514515379393,0.7819626927375793,recursive_daily,xgboost_recent_weighted_daily
Dong Thap,2026-06-19,2026,6,19,9.041115156498844,0.8393243551254272,recursive_daily,xgboost_recent_weighted_daily
Dong Thap,2026-06-20,2026,6,20,8.749751797050026,0.8483157157897949,recursive_daily,xgboost_recent_weighted_daily
Dong Thap,2026-06-21,2026,6,21,9.730051783052621,0.6966345310211182,recursive_daily,xgboost_recent_weighted_daily
Dong Thap,2026-06-22,2026,6,22,9.799054010595272,0.8594675064086914,recursive_daily,xgboost_recent_weighted_daily
Dong Thap,2026-06-23,2026,6,23,9.796769258372041,0.7895532250404358,recursive_daily,xgboost_recent_weighted_daily
Dong Thap,2026-06-24,2026,6,24,9.258589463379028,0.8416929841041565,recursive_daily,xgboost_recent_weighted_daily
Dong Thap,2026-06-25,2026,6,25,9.019547934424653,0.7063272595405579,recursive_daily,xgboost_recent_weighted_daily
Dong Thap,2026-06-26,2026,6,26,8.948335480247879,0.8084476590156555,recursive_daily,xgboost_recent_weighted_daily
Dong Thap,2026-06-27,2026,6,27,9.938510559616509,0.7759972810745239,recursive_daily,xgboost_recent_weighted_daily
Dong Thap,2026-06-28,2026,6,28,9.129948027603007,0.8798871040344238,recursive_daily,xgboost_recent_weighted_daily
Dong Thap,2026-06-29,2026,6,29,9.21509248561748,0.8156091570854187,recursive_daily,xgboost_recent_weighted_daily
Dong Thap,2026-06-30,2026,6,30,9.605588992826933,0.7045862078666687,recursive_daily,xgboost_recent_weighted_daily
Dong Thap,2026-07-01,2026,7,1,9.371741934165795,0.804847240447998,recursive_daily,xgboost_recent_weighted_daily
Dong Thap,2026-07-02,2026,7,2,9.324764494722952,0.7560911178588867,recursive_daily,xgboost_recent_weighted_daily
Dong Thap,2026-07-03,2026,7,3,9.56615385604475,0.7135137915611267,recursive_daily,xgboost_recent_weighted_daily
Dong Thap,2026-07-04,2026,7,4,9.160656253390849,0.750213086605072,recursive_daily,xgboost_recent_weighted_daily
Dong Thap,2026-07-05,2026,7,5,9.477911759107633,0.6878195405006409,recursive_daily,xgboost_recent_weighted_daily
Dong Thap,2026-07-06,2026,7,6,8.842419799469129,0.7154141068458557,recursive_daily,xgboost_recent_weighted_daily
Dong Thap,2026-07-07,2026,7,7,9.174854346271905,0.5709237456321716,recursive_daily,xgboost_recent_weighted_daily
Dong Thap,2026-07-08,2026,7,8,9.764470151470633,0.7549296021461487,recursive_daily,xgboost_recent_weighted_daily
Dong Thap,2026-07-09,2026,7,9,9.15085093737667,0.8441550135612488,recursive_daily,xgboost_recent_weighted_daily
Dong Thap,2026-07-10,2026,7,10,8.88965168573591,0.683032214641571,recursive_daily,xgboost_recent_weighted_daily
Dong Thap,2026-07-11,2026,7,11,9.845891287343747,0.6893825531005859,recursive_daily,xgboost_recent_weighted_daily
Dong Thap,2026-07-12,2026,7,12,8.796967391394931,0.8089299201965332,recursive_daily,xgboost_recent_weighted_daily
Dong Thap,2026-07-13,2026,7,13,8.648594257658548,0.8371054530143738,recursive_daily,xgboost_recent_weighted_daily
Dong Thap,2026-07-14,2026,7,14,9.209915418850823,0.7532350420951843,recursive_daily,xgboost_recent_weighted_daily
Dong Thap,2026-07-15,2026,7,15,9.109044541489798,0.7599633932113647,recursive_daily,xgboost_recent_weighted_daily
Dong Thap,2026-07-16,2026,7,16,9.213566138205639,0.7457616925239563,recursive_daily,xgboost_recent_weighted_daily
Dong Thap,2026-07-17,2026,7,17,9.230211993921587,0.8077619075775146,recursive_daily,xgboost_recent_weighted_daily
Dong Thap,2026-07-18,2026,7,18,8.846619594485231,0.8650315403938293,recursive_daily,xgboost_recent_weighted_daily
Dong Thap,2026-07-19,2026,7,19,9.58299425983453,0.733711302280426,recursive_daily,xgboost_recent_weighted_daily
Dong Thap,2026-07-20,2026,7,20,9.564962398401251,0.7651026248931885,recursive_daily,xgboost_recent_weighted_daily
Dong Thap,2026-07-21,2026,7,21,8.736536878463472,0.7531919479370117,recursive_daily,xgboost_recent_weighted_daily
Dong Thap,2026-07-22,2026,7,22,10.289559562973231,0.7361437082290649,recursive_daily,xgboost_recent_weighted_daily
Dong Thap,2026-07-23,2026,7,23,9.939136976450206,0.7364211678504944,recursive_daily,xgboost_recent_weighted_daily
Dong Thap,2026-07-24,2026,7,24,8.983256180456747,0.744164764881134,recursive_daily,xgboost_recent_weighted_daily
Dong Thap,2026-07-25,2026,7,25,9.043960923551179,0.7311515212059021,recursive_daily,xgboost_recent_weighted_daily
Dong Thap,2026-07-26,2026,7,26,10.02102326822538,0.757491946220398,recursive_daily,xgboost_recent_weighted_daily
Dong Thap,2026-07-27,2026,7,27,8.896003325126902,0.7626500725746155,recursive_daily,xgboost_recent_weighted_daily
Dong Thap,2026-07-28,2026,7,28,10.09019282739817,0.783916711807251,recursive_daily,xgboost_recent_weighted_daily
Dong Thap,2026-07-29,2026,7,29,9.612252692750115,0.7760850787162781,recursive_daily,xgboost_recent_weighted_daily
Dong Thap,2026-07-30,2026,7,30,9.88295962878637,0.7959653735160828,recursive_daily,xgboost_recent_weighted_daily
Dong Thap,2026-07-31,2026,7,31,9.585112709942264,0.7373993396759033,recursive_daily,xgboost_recent_weighted_daily
Dong Thap,2026-08-01,2026,8,1,9.635709486416792,0.8434834480285645,recursive_daily,xgboost_recent_weighted_daily
Dong Thap,2026-08-02,2026,8,2,10.210992803709109,0.7244002223014832,recursive_daily,xgboost_recent_weighted_daily
Dong Thap,2026-08-03,2026,8,3,9.174447481108427,0.7475254535675049,recursive_daily,xgboost_recent_weighted_daily
Dong Thap,2026-08-04,2026,8,4,11.476071510530668,0.786957859992981,recursive_daily,xgboost_recent_weighted_daily
Dong Thap,2026-08-05,2026,8,5,9.031891975530813,0.6570878028869629,recursive_daily,xgboost_recent_weighted_daily
Dong Thap,2026-08-06,2026,8,6,10.650330355575527,0.716086745262146,recursive_daily,xgboost_recent_weighted_daily
Dong Thap,2026-08-07,2026,8,7,9.941129816384283,0.7242317199707031,recursive_daily,xgboost_recent_weighted_daily
Dong Thap,2026-08-08,2026,8,8,9.62633246017578,0.798934817314148,recursive_daily,xgboost_recent_weighted_daily
Dong Thap,2026-08-09,2026,8,9,10.927299555102266,0.6942409873008728,recursive_daily,xgboost_recent_weighted_daily
Dong Thap,2026-08-10,2026,8,10,9.783129756525735,0.7680293917655945,recursive_daily,xgboost_recent_weighted_daily
Dong Thap,2026-08-11,2026,8,11,11.411554933759996,0.7255810499191284,recursive_daily,xgboost_recent_weighted_daily
Dong Thap,2026-08-12,2026,8,12,9.679235976524502,0.7877101898193359,recursive_daily,xgboost_recent_weighted_daily
Dong Thap,2026-08-13,2026,8,13,10.886572284325588,0.7937637567520142,recursive_daily,xgboost_recent_weighted_daily
Dong Thap,2026-08-14,2026,8,14,9.41883274389726,0.6385934352874756,recursive_daily,xgboost_recent_weighted_daily
Dong Thap,2026-08-15,2026,8,15,9.45904680324237,0.6802116632461548,recursive_daily,xgboost_recent_weighted_daily
Dong Thap,2026-08-16,2026,8,16,9.941262466389606,0.7303574085235596,recursive_daily,xgboost_recent_weighted_daily
Dong Thap,2026-08-17,2026,8,17,11.123109810052023,0.743767261505127,recursive_daily,xgboost_recent_weighted_daily
Dong Thap,2026-08-18,2026,8,18,10.220750794996304,0.7776005864143372,recursive_daily,xgboost_recent_weighted_daily
Dong Thap,2026-08-19,2026,8,19,10.31769802222372,0.7283086180686951,recursive_daily,xgboost_recent_weighted_daily
Dong Thap,2026-08-20,2026,8,20,10.8364563290312,0.6954157948493958,recursive_daily,xgboost_recent_weighted_daily
Dong Thap,2026-08-21,2026,8,21,10.960993003237723,0.6441821455955505,recursive_daily,xgboost_recent_weighted_daily
Dong Thap,2026-08-22,2026,8,22,10.276205060943544,0.7260878682136536,recursive_daily,xgboost_recent_weighted_daily
Dong Thap,2026-08-23,2026,8,23,10.807818654749385,0.7261099219322205,recursive_daily,xgboost_recent_weighted_daily
Dong Thap,2026-08-24,2026,8,24,11.086047118422782,0.7732864022254944,recursive_daily,xgboost_recent_weighted_daily
Dong Thap,2026-08-25,2026,8,25,10.569413317240977,0.6399297118186951,recursive_daily,xgboost_recent_weighted_daily
Dong Thap,2026-08-26,2026,8,26,12.186025961483988,0.7598554491996765,recursive_daily,xgboost_recent_weighted_daily
Dong Thap,2026-08-27,2026,8,27,15.203951521527785,0.6488485932350159,recursive_daily,xgboost_recent_weighted_daily
Dong Thap,2026-08-28,2026,8,28,11.96788982601734,0.7233056426048279,recursive_daily,xgboost_recent_weighted_daily
Dong Thap,2026-08-29,2026,8,29,11.425545363299852,0.49502941966056824,recursive_daily,xgboost_recent_weighted_daily
Dong Thap,2026-08-30,2026,8,30,14.63905990876109,0.6620463728904724,recursive_daily,xgboost_recent_weighted_daily
Dong Thap,2026-08-31,2026,8,31,15.215009850506577,0.7554473280906677,recursive_daily,xgboost_recent_weighted_daily
Dong Thap,2026-09-01,2026,9,1,13.99676621305526,0.6082843542098999,recursive_daily,xgboost_recent_weighted_daily
Dong Thap,2026-09-02,2026,9,2,13.792067127366446,0.5971208214759827,recursive_daily,xgboost_recent_weighted_daily
Dong Thap,2026-09-03,2026,9,3,17.031838725866834,0.6061018109321594,recursive_daily,xgboost_recent_weighted_daily
Dong Thap,2026-09-04,2026,9,4,12.312998836679286,0.7021034359931946,recursive_daily,xgboost_recent_weighted_daily
Dong Thap,2026-09-05,2026,9,5,12.06324075388629,0.6713447570800781,recursive_daily,xgboost_recent_weighted_daily
Dong Thap,2026-09-06,2026,9,6,13.379676888171245,0.5981574654579163,recursive_daily,xgboost_recent_weighted_daily
Dong Thap,2026-09-07,2026,9,7,13.867896576436008,0.6891120672225952,recursive_daily,xgboost_recent_weighted_daily
Dong Thap,2026-09-08,2026,9,8,14.358333687750461,0.7472759485244751,recursive_daily,xgboost_recent_weighted_daily
Dong Thap,2026-09-09,2026,9,9,12.230646524194823,0.70263671875,recursive_daily,xgboost_recent_weighted_daily
Dong Thap,2026-09-10,2026,9,10,10.973764204869598,0.5633530616760254,recursive_daily,xgboost_recent_weighted_daily
Dong Thap,2026-09-11,2026,9,11,14.226890531150168,0.7963762283325195,recursive_daily,xgboost_recent_weighted_daily
Dong Thap,2026-09-12,2026,9,12,15.202720211689341,0.7662025690078735,recursive_daily,xgboost_recent_weighted_daily
Dong Thap,2026-09-13,2026,9,13,13.431868629024638,0.700302004814148,recursive_daily,xgboost_recent_weighted_daily
Dong Thap,2026-09-14,2026,9,14,12.14735327979859,0.6313017010688782,recursive_daily,xgboost_recent_weighted_daily
Dong Thap,2026-09-15,2026,9,15,16.206415650865324,0.6486873626708984,recursive_daily,xgboost_recent_weighted_daily
Dong Thap,2026-09-16,2026,9,16,12.446496414647182,0.7885922789573669,recursive_daily,xgboost_recent_weighted_daily
Dong Thap,2026-09-17,2026,9,17,10.818649624799649,0.742938756942749,recursive_daily,xgboost_recent_weighted_daily
Dong Thap,2026-09-18,2026,9,18,16.50475999377997,0.7485922574996948,recursive_daily,xgboost_recent_weighted_daily
Dong Thap,2026-09-19,2026,9,19,18.18092056415397,0.731600821018219,recursive_daily,xgboost_recent_weighted_daily
Dong Thap,2026-09-20,2026,9,20,12.646296072827013,0.7937498688697815,recursive_daily,xgboost_recent_weighted_daily
Dong Thap,2026-09-21,2026,9,21,10.801334004523122,0.834627091884613,recursive_daily,xgboost_recent_weighted_daily
Dong Thap,2026-09-22,2026,9,22,13.435513704623974,0.6835135817527771,recursive_daily,xgboost_recent_weighted_daily
Dong Thap,2026-09-23,2026,9,23,16.542860020557416,0.8234309554100037,recursive_daily,xgboost_recent_weighted_daily
Dong Thap,2026-09-24,2026,9,24,16.583536629433713,0.8704452514648438,recursive_daily,xgboost_recent_weighted_daily
Dong Thap,2026-09-25,2026,9,25,12.875647022583447,0.759837806224823,recursive_daily,xgboost_recent_weighted_daily
Dong Thap,2026-09-26,2026,9,26,12.45714784834007,0.7421993613243103,recursive_daily,xgboost_recent_weighted_daily
Dong Thap,2026-09-27,2026,9,27,11.9739824408798,0.7541516423225403,recursive_daily,xgboost_recent_weighted_daily
Dong Thap,2026-09-28,2026,9,28,14.797426428662538,0.8005963563919067,recursive_daily,xgboost_recent_weighted_daily
Dong Thap,2026-09-29,2026,9,29,11.736427030915157,0.7621236443519592,recursive_daily,xgboost_recent_weighted_daily
Dong Thap,2026-09-30,2026,9,30,16.204636315098867,0.7377095222473145,recursive_daily,xgboost_recent_weighted_daily
Dong Thap,2026-10-01,2026,10,1,19.84030373604534,0.8531307578086853,recursive_daily,xgboost_recent_weighted_daily
Dong Thap,2026-10-02,2026,10,2,17.086126939569485,0.8878211975097656,recursive_daily,xgboost_recent_weighted_daily
Dong Thap,2026-10-03,2026,10,3,13.938969564207403,0.805799663066864,recursive_daily,xgboost_recent_weighted_daily
Dong Thap,2026-10-04,2026,10,4,16.562445313786572,0.8862295746803284,recursive_daily,xgboost_recent_weighted_daily
Dong Thap,2026-10-05,2026,10,5,22.00927267863778,0.8063801527023315,recursive_daily,xgboost_recent_weighted_daily
Dong Thap,2026-10-06,2026,10,6,18.05702971595528,0.9372166395187378,recursive_daily,xgboost_recent_weighted_daily
Dong Thap,2026-10-07,2026,10,7,11.849791555366558,0.7669708132743835,recursive_daily,xgboost_recent_weighted_daily
Dong Thap,2026-10-08,2026,10,8,12.532820583527922,0.8410233855247498,recursive_daily,xgboost_recent_weighted_daily
Dong Thap,2026-10-09,2026,10,9,18.067837635098225,0.8324588537216187,recursive_daily,xgboost_recent_weighted_daily
Dong Thap,2026-10-10,2026,10,10,18.43105228883226,0.9488776326179504,recursive_daily,xgboost_recent_weighted_daily
Dong Thap,2026-10-11,2026,10,11,17.84297205937597,0.9185364842414856,recursive_daily,xgboost_recent_weighted_daily
Dong Thap,2026-10-12,2026,10,12,13.890255031911463,0.7935619950294495,recursive_daily,xgboost_recent_weighted_daily
Dong Thap,2026-10-13,2026,10,13,16.15817559186751,0.9396894574165344,recursive_daily,xgboost_recent_weighted_daily
Dong Thap,2026-10-14,2026,10,14,13.348373942164207,0.9415785670280457,recursive_daily,xgboost_recent_weighted_daily
Dong Thap,2026-10-15,2026,10,15,12.273128812496013,0.8726806044578552,recursive_daily,xgboost_recent_weighted_daily
Dong Thap,2026-10-16,2026,10,16,15.212661052575045,0.8877752423286438,recursive_daily,xgboost_recent_weighted_daily
Dong Thap,2026-10-17,2026,10,17,13.751702989845649,0.910338282585144,recursive_daily,xgboost_recent_weighted_daily
Dong Thap,2026-10-18,2026,10,18,18.365852252902307,0.7566329836845398,recursive_daily,xgboost_recent_weighted_daily
Dong Thap,2026-10-19,2026,10,19,13.670213219827232,0.8459988236427307,recursive_daily,xgboost_recent_weighted_daily
Dong Thap,2026-10-20,2026,10,20,16.30305621754985,0.7188761830329895,recursive_daily,xgboost_recent_weighted_daily
Dong Thap,2026-10-21,2026,10,21,14.697488088681968,0.8940255045890808,recursive_daily,xgboost_recent_weighted_daily
Dong Thap,2026-10-22,2026,10,22,18.58955275356657,0.9036930203437805,recursive_daily,xgboost_recent_weighted_daily
Dong Thap,2026-10-23,2026,10,23,16.720048436775564,0.7620645761489868,recursive_daily,xgboost_recent_weighted_daily
Dong Thap,2026-10-24,2026,10,24,15.319449061640423,0.803084671497345,recursive_daily,xgboost_recent_weighted_daily
Dong Thap,2026-10-25,2026,10,25,14.287679138259602,0.8440488576889038,recursive_daily,xgboost_recent_weighted_daily
Dong Thap,2026-10-26,2026,10,26,13.18301762383662,0.7646410465240479,recursive_daily,xgboost_recent_weighted_daily
Dong Thap,2026-10-27,2026,10,27,16.907283440722022,0.7250190377235413,recursive_daily,xgboost_recent_weighted_daily
Dong Thap,2026-10-28,2026,10,28,12.915537740435328,0.8404733538627625,recursive_daily,xgboost_recent_weighted_daily
Dong Thap,2026-10-29,2026,10,29,20.72499563045742,0.752547562122345,recursive_daily,xgboost_recent_weighted_daily
Dong Thap,2026-10-30,2026,10,30,12.985574871104326,0.8504509329795837,recursive_daily,xgboost_recent_weighted_daily
Dong Thap,2026-10-31,2026,10,31,13.023652385193056,0.7548457980155945,recursive_daily,xgboost_recent_weighted_daily
Dong Thap,2026-11-01,2026,11,1,13.486531535955221,0.7856968641281128,recursive_daily,xgboost_recent_weighted_daily
Dong Thap,2026-11-02,2026,11,2,15.97373305810267,0.8736438155174255,recursive_daily,xgboost_recent_weighted_daily
Dong Thap,2026-11-03,2026,11,3,17.99434863488725,0.7898774743080139,recursive_daily,xgboost_recent_weighted_daily
Dong Thap,2026-11-04,2026,11,4,15.303107631137145,0.867447555065155,recursive_daily,xgboost_recent_weighted_daily
Dong Thap,2026-11-05,2026,11,5,17.440825428229807,0.5775294303894043,recursive_daily,xgboost_recent_weighted_daily
Dong Thap,2026-11-06,2026,11,6,15.114431443911824,0.7865622639656067,recursive_daily,xgboost_recent_weighted_daily
Dong Thap,2026-11-07,2026,11,7,13.988772247148024,0.7840442657470703,recursive_daily,xgboost_recent_weighted_daily
Dong Thap,2026-11-08,2026,11,8,11.475753841261472,0.6524932384490967,recursive_daily,xgboost_recent_weighted_daily
Dong Thap,2026-11-09,2026,11,9,16.145282577819394,0.6707821488380432,recursive_daily,xgboost_recent_weighted_daily
Dong Thap,2026-11-10,2026,11,10,12.520823888294002,0.6881982684135437,recursive_daily,xgboost_recent_weighted_daily
Dong Thap,2026-11-11,2026,11,11,16.83304960506297,0.5677650570869446,recursive_daily,xgboost_recent_weighted_daily
Dong Thap,2026-11-12,2026,11,12,10.777489844729711,0.6616394519805908,recursive_daily,xgboost_recent_weighted_daily
Dong Thap,2026-11-13,2026,11,13,14.74435217739328,0.7086847424507141,recursive_daily,xgboost_recent_weighted_daily
Dong Thap,2026-11-14,2026,11,14,13.067472603979102,0.650956928730011,recursive_daily,xgboost_recent_weighted_daily
Dong Thap,2026-11-15,2026,11,15,13.245784271808152,0.6813073754310608,recursive_daily,xgboost_recent_weighted_daily
Dong Thap,2026-11-16,2026,11,16,15.088361366716025,0.4281229078769684,recursive_daily,xgboost_recent_weighted_daily
Dong Thap,2026-11-17,2026,11,17,10.771912641336481,0.6145153045654297,recursive_daily,xgboost_recent_weighted_daily
Dong Thap,2026-11-18,2026,11,18,9.245314611987968,0.5011449456214905,recursive_daily,xgboost_recent_weighted_daily
Dong Thap,2026-11-19,2026,11,19,12.584869047415232,0.5247603058815002,recursive_daily,xgboost_recent_weighted_daily
Dong Thap,2026-11-20,2026,11,20,14.819793894867558,0.4984130263328552,recursive_daily,xgboost_recent_weighted_daily
Dong Thap,2026-11-21,2026,11,21,13.04962256724632,0.6446352005004883,recursive_daily,xgboost_recent_weighted_daily
Dong Thap,2026-11-22,2026,11,22,13.274853919163945,0.6194417476654053,recursive_daily,xgboost_recent_weighted_daily
Dong Thap,2026-11-23,2026,11,23,13.101367160181299,0.42400747537612915,recursive_daily,xgboost_recent_weighted_daily
Dong Thap,2026-11-24,2026,11,24,15.969614715686243,0.7618926763534546,recursive_daily,xgboost_recent_weighted_daily
Dong Thap,2026-11-25,2026,11,25,10.674040136080018,0.7639942765235901,recursive_daily,xgboost_recent_weighted_daily
Dong Thap,2026-11-26,2026,11,26,14.391525436360997,0.7931616306304932,recursive_daily,xgboost_recent_weighted_daily
Dong Thap,2026-11-27,2026,11,27,12.827418449554326,0.6114748120307922,recursive_daily,xgboost_recent_weighted_daily
Dong Thap,2026-11-28,2026,11,28,13.53864384657371,0.7605007886886597,recursive_daily,xgboost_recent_weighted_daily
Dong Thap,2026-11-29,2026,11,29,14.830159225519436,0.7765538692474365,recursive_daily,xgboost_recent_weighted_daily
Dong Thap,2026-11-30,2026,11,30,8.265318973741124,0.7862816452980042,recursive_daily,xgboost_recent_weighted_daily
Dong Thap,2026-12-01,2026,12,1,16.291623568176977,0.6396780014038086,recursive_daily,xgboost_recent_weighted_daily
Dong Thap,2026-12-02,2026,12,2,14.445473679465609,0.760086178779602,recursive_daily,xgboost_recent_weighted_daily
Dong Thap,2026-12-03,2026,12,3,14.457759845349567,0.7825252413749695,recursive_daily,xgboost_recent_weighted_daily
Dong Thap,2026-12-04,2026,12,4,7.04477049594314,0.5337734818458557,recursive_daily,xgboost_recent_weighted_daily
Dong Thap,2026-12-05,2026,12,5,9.351913389012458,0.6147688031196594,recursive_daily,xgboost_recent_weighted_daily
Dong Thap,2026-12-06,2026,12,6,13.064826841422386,0.5554597973823547,recursive_daily,xgboost_recent_weighted_daily
Dong Thap,2026-12-07,2026,12,7,11.265259651469188,0.6801947355270386,recursive_daily,xgboost_recent_weighted_daily
Dong Thap,2026-12-08,2026,12,8,13.47940670518591,0.39882880449295044,recursive_daily,xgboost_recent_weighted_daily
Dong Thap,2026-12-09,2026,12,9,13.706859935269481,0.37332436442375183,recursive_daily,xgboost_recent_weighted_daily
Dong Thap,2026-12-10,2026,12,10,10.484860396165212,0.4827464520931244,recursive_daily,xgboost_recent_weighted_daily
Dong Thap,2026-12-11,2026,12,11,14.510739076502476,0.5641089677810669,recursive_daily,xgboost_recent_weighted_daily
Dong Thap,2026-12-12,2026,12,12,12.529815039869519,0.47714608907699585,recursive_daily,xgboost_recent_weighted_daily
Dong Thap,2026-12-13,2026,12,13,14.84979125978653,0.3291267156600952,recursive_daily,xgboost_recent_weighted_daily
Dong Thap,2026-12-14,2026,12,14,16.98748173971588,0.5431621670722961,recursive_daily,xgboost_recent_weighted_daily
Dong Thap,2026-12-15,2026,12,15,10.964243850960456,0.41434353590011597,recursive_daily,xgboost_recent_weighted_daily
Dong Thap,2026-12-16,2026,12,16,13.380025460853817,0.3088318705558777,recursive_daily,xgboost_recent_weighted_daily
Dong Thap,2026-12-17,2026,12,17,11.023940489197624,0.4405284523963928,recursive_daily,xgboost_recent_weighted_daily
Dong Thap,2026-12-18,2026,12,18,17.40702700042434,0.6682913303375244,recursive_daily,xgboost_recent_weighted_daily
Dong Thap,2026-12-19,2026,12,19,13.831691098652401,0.7972928285598755,recursive_daily,xgboost_recent_weighted_daily
Dong Thap,2026-12-20,2026,12,20,13.043430567786585,0.3560761511325836,recursive_daily,xgboost_recent_weighted_daily
Dong Thap,2026-12-21,2026,12,21,14.71410962098224,0.44848763942718506,recursive_daily,xgboost_recent_weighted_daily
Dong Thap,2026-12-22,2026,12,22,12.23671167314787,0.48253968358039856,recursive_daily,xgboost_recent_weighted_daily
Dong Thap,2026-12-23,2026,12,23,15.383613669929328,0.4089430272579193,recursive_daily,xgboost_recent_weighted_daily
Dong Thap,2026-12-24,2026,12,24,12.713066353471367,0.7172778844833374,recursive_daily,xgboost_recent_weighted_daily
Dong Thap,2026-12-25,2026,12,25,15.160384039541706,0.3092662990093231,recursive_daily,xgboost_recent_weighted_daily
Dong Thap,2026-12-26,2026,12,26,15.048770474722218,0.39429810643196106,recursive_daily,xgboost_recent_weighted_daily
Dong Thap,2026-12-27,2026,12,27,11.639314617043855,0.5149526596069336,recursive_daily,xgboost_recent_weighted_daily
Dong Thap,2026-12-28,2026,12,28,0.0,0.28772976994514465,recursive_daily,xgboost_recent_weighted_daily
Dong Thap,2026-12-29,2026,12,29,0.0,0.24571961164474487,recursive_daily,xgboost_recent_weighted_daily
Dong Thap,2026-12-30,2026,12,30,0.0,0.1570766121149063,recursive_daily,xgboost_recent_weighted_daily
Dong Thap,2026-12-31,2026,12,31,4.816666325400582,0.305206298828125,recursive_daily,xgboost_recent_weighted_daily
