province_name,year,month,date,rainfall_mm
Soc Trang,2020.0,1.0,2020-01-01,0.7172544504041958
Tra Vinh,2020.0,1.0,2020-01-01,0.774970426458581
Vinh Long,2020.0,1.0,2020-01-01,1.785697504014168
Bac Lieu,2020.0,1.0,2020-01-01,4.998311269989964
Ca Mau,2020.0,1.0,2020-01-01,7.398649494535424
Can Tho city,2020.0,1.0,2020-01-01,6.9835745664124165
Hau Giang,2020.0,1.0,2020-01-01,5.709187711234945
An Giang,2020.0,1.0,2020-01-01,7.956520706373068
Ben Tre,2020.0,1.0,2020-01-01,0.26457105828406124
Dong Thap,2020.0,1.0,2020-01-01,7.146864374942806
Kien Giang,2020.0,1.0,2020-01-01,9.628419761285405
Long An,2020.0,1.0,2020-01-01,6.799713444484361
Tien Giang,2020.0,1.0,2020-01-01,2.10091758580502
Soc Trang,2020.0,2.0,2020-02-01,2.2464283523754953
Tra Vinh,2020.0,2.0,2020-02-01,0.3696481735626741
Vinh Long,2020.0,2.0,2020-02-01,0.15393846821645704
Bac Lieu,2020.0,2.0,2020-02-01,0.6213219773520525
Ca Mau,2020.0,2.0,2020-02-01,0.8290618050251908
Can Tho city,2020.0,2.0,2020-02-01,0.6534083778021298
Hau Giang,2020.0,2.0,2020-02-01,1.2406777516876206
An Giang,2020.0,2.0,2020-02-01,1.0868730161639868
Ben Tre,2020.0,2.0,2020-02-01,1.9060762108228217
Dong Thap,2020.0,2.0,2020-02-01,0.21552154750652558
Kien Giang,2020.0,2.0,2020-02-01,1.6622276696570304
Long An,2020.0,2.0,2020-02-01,0.37934982890116214
Tien Giang,2020.0,2.0,2020-02-01,1.7593881458071639
Soc Trang,2020.0,3.0,2020-03-01,8.702472483880312
Tra Vinh,2020.0,3.0,2020-03-01,4.892881892929053
Vinh Long,2020.0,3.0,2020-03-01,3.8141596658274284
Bac Lieu,2020.0,3.0,2020-03-01,13.242444836742965
Ca Mau,2020.0,3.0,2020-03-01,24.05512932220665
Can Tho city,2020.0,3.0,2020-03-01,8.924084048529062
Hau Giang,2020.0,3.0,2020-03-01,11.624599942128947
An Giang,2020.0,3.0,2020-03-01,16.58136032710398
Ben Tre,2020.0,3.0,2020-03-01,5.161679109836435
Dong Thap,2020.0,3.0,2020-03-01,10.725001914974625
Kien Giang,2020.0,3.0,2020-03-01,17.192027833696784
Long An,2020.0,3.0,2020-03-01,7.788442288116432
Tien Giang,2020.0,3.0,2020-03-01,5.825247466984045
Soc Trang,2020.0,4.0,2020-04-01,32.83476264381497
Tra Vinh,2020.0,4.0,2020-04-01,19.50461090460904
Vinh Long,2020.0,4.0,2020-04-01,27.672505883088277
Bac Lieu,2020.0,4.0,2020-04-01,50.755781939421425
Ca Mau,2020.0,4.0,2020-04-01,70.38556876043306
Can Tho city,2020.0,4.0,2020-04-01,56.90445479394811
Hau Giang,2020.0,4.0,2020-04-01,48.23804371839306
An Giang,2020.0,4.0,2020-04-01,110.02433546216722
Ben Tre,2020.0,4.0,2020-04-01,17.382673911737378
Dong Thap,2020.0,4.0,2020-04-01,76.3810053099125
Kien Giang,2020.0,4.0,2020-04-01,104.38226952863124
Long An,2020.0,4.0,2020-04-01,62.621537911344724
Tien Giang,2020.0,4.0,2020-04-01,31.230144810372817
Soc Trang,2020.0,5.0,2020-05-01,99.99292801093947
Tra Vinh,2020.0,5.0,2020-05-01,70.30687859582304
Vinh Long,2020.0,5.0,2020-05-01,87.29446752933498
Bac Lieu,2020.0,5.0,2020-05-01,107.86535247002786
Ca Mau,2020.0,5.0,2020-05-01,100.70750756760361
Can Tho city,2020.0,5.0,2020-05-01,95.85981514922841
Hau Giang,2020.0,5.0,2020-05-01,107.05023434095855
An Giang,2020.0,5.0,2020-05-01,93.92769535072937
Ben Tre,2020.0,5.0,2020-05-01,78.2618102166615
Dong Thap,2020.0,5.0,2020-05-01,90.569896717766
Kien Giang,2020.0,5.0,2020-05-01,123.39245123959566
Long An,2020.0,5.0,2020-05-01,112.68634065526487
Tien Giang,2020.0,5.0,2020-05-01,92.38653089020488
Soc Trang,2020.0,6.0,2020-06-01,318.8401073447378
Tra Vinh,2020.0,6.0,2020-06-01,312.5815972105574
Vinh Long,2020.0,6.0,2020-06-01,281.37105192340545
Bac Lieu,2020.0,6.0,2020-06-01,327.70033453016606
Ca Mau,2020.0,6.0,2020-06-01,336.02706180969983
Can Tho city,2020.0,6.0,2020-06-01,258.9991712034221
Hau Giang,2020.0,6.0,2020-06-01,295.6273248215369
An Giang,2020.0,6.0,2020-06-01,196.17219914566715
Ben Tre,2020.0,6.0,2020-06-01,290.4495115613234
Dong Thap,2020.0,6.0,2020-06-01,207.1826534812215
Kien Giang,2020.0,6.0,2020-06-01,298.9732669594258
Long An,2020.0,6.0,2020-06-01,269.9500039174912
Tien Giang,2020.0,6.0,2020-06-01,266.10692881080047
Soc Trang,2020.0,7.0,2020-07-01,205.27422215279944
Tra Vinh,2020.0,7.0,2020-07-01,185.95178762356986
Vinh Long,2020.0,7.0,2020-07-01,196.7091165095686
Bac Lieu,2020.0,7.0,2020-07-01,192.45929528813173
Ca Mau,2020.0,7.0,2020-07-01,204.5886751370218
Can Tho city,2020.0,7.0,2020-07-01,190.22806730275312
Hau Giang,2020.0,7.0,2020-07-01,255.16418755707735
An Giang,2020.0,7.0,2020-07-01,169.89771301817171
Ben Tre,2020.0,7.0,2020-07-01,171.50809554223892
Dong Thap,2020.0,7.0,2020-07-01,147.6104804940892
Kien Giang,2020.0,7.0,2020-07-01,267.7305741546968
Long An,2020.0,7.0,2020-07-01,193.22035026311107
Tien Giang,2020.0,7.0,2020-07-01,178.93346429924907
Soc Trang,2020.0,8.0,2020-08-01,247.0210990367134
Tra Vinh,2020.0,8.0,2020-08-01,228.49152518718182
Vinh Long,2020.0,8.0,2020-08-01,199.72949923517172
Bac Lieu,2020.0,8.0,2020-08-01,257.3267403655218
Ca Mau,2020.0,8.0,2020-08-01,227.5557913822533
Can Tho city,2020.0,8.0,2020-08-01,175.62547441254887
Hau Giang,2020.0,8.0,2020-08-01,240.63182578572207
An Giang,2020.0,8.0,2020-08-01,129.87700951343618
Ben Tre,2020.0,8.0,2020-08-01,195.15540421572115
Dong Thap,2020.0,8.0,2020-08-01,132.64176261884657
Kien Giang,2020.0,8.0,2020-08-01,237.68918083174694
Long An,2020.0,8.0,2020-08-01,168.61199095262478
Tien Giang,2020.0,8.0,2020-08-01,177.04404313191068
Soc Trang,2020.0,9.0,2020-09-01,379.9893307317843
Tra Vinh,2020.0,9.0,2020-09-01,266.8260064494267
Vinh Long,2020.0,9.0,2020-09-01,283.4821967093232
Bac Lieu,2020.0,9.0,2020-09-01,498.9840487820997
Ca Mau,2020.0,9.0,2020-09-01,530.0708290994568
Can Tho city,2020.0,9.0,2020-09-01,314.8513363458599
Hau Giang,2020.0,9.0,2020-09-01,407.5049622934261
An Giang,2020.0,9.0,2020-09-01,287.1166474997006
Ben Tre,2020.0,9.0,2020-09-01,229.0550456569958
Dong Thap,2020.0,9.0,2020-09-01,256.10472003987155
Kien Giang,2020.0,9.0,2020-09-01,428.14036447462775
Long An,2020.0,9.0,2020-09-01,281.1197993249008
Tien Giang,2020.0,9.0,2020-09-01,255.80107994396496
Soc Trang,2020.0,10.0,2020-10-01,456.13872069507954
Tra Vinh,2020.0,10.0,2020-10-01,435.93162720848187
Vinh Long,2020.0,10.0,2020-10-01,370.8932732742387
Bac Lieu,2020.0,10.0,2020-10-01,497.0482362161376
Ca Mau,2020.0,10.0,2020-10-01,552.1392952205687
Can Tho city,2020.0,10.0,2020-10-01,375.6882424143894
Hau Giang,2020.0,10.0,2020-10-01,418.2689258250632
An Giang,2020.0,10.0,2020-10-01,372.0848974900658
Ben Tre,2020.0,10.0,2020-10-01,404.5421166171938
Dong Thap,2020.0,10.0,2020-10-01,340.31227974041053
Kien Giang,2020.0,10.0,2020-10-01,474.0798539529466
Long An,2020.0,10.0,2020-10-01,354.04310926928457
Tien Giang,2020.0,10.0,2020-10-01,378.6946885524068
Soc Trang,2020.0,11.0,2020-11-01,110.77986445334349
Tra Vinh,2020.0,11.0,2020-11-01,81.69964191697345
Vinh Long,2020.0,11.0,2020-11-01,126.84047425765877
Bac Lieu,2020.0,11.0,2020-11-01,138.48835205961996
Ca Mau,2020.0,11.0,2020-11-01,142.6808709455484
Can Tho city,2020.0,11.0,2020-11-01,131.8427973390816
Hau Giang,2020.0,11.0,2020-11-01,143.2746821768944
An Giang,2020.0,11.0,2020-11-01,98.42564979165473
Ben Tre,2020.0,11.0,2020-11-01,108.66825308715715
Dong Thap,2020.0,11.0,2020-11-01,112.89772729376232
Kien Giang,2020.0,11.0,2020-11-01,127.75953223542321
Long An,2020.0,11.0,2020-11-01,122.23180823425659
Tien Giang,2020.0,11.0,2020-11-01,120.66304991473964
Soc Trang,2020.0,12.0,2020-12-01,45.745997744324136
Tra Vinh,2020.0,12.0,2020-12-01,50.912067955101676
Vinh Long,2020.0,12.0,2020-12-01,67.0200086650511
Bac Lieu,2020.0,12.0,2020-12-01,55.085948366165404
Ca Mau,2020.0,12.0,2020-12-01,69.59784047471476
Can Tho city,2020.0,12.0,2020-12-01,58.352686802469535
Hau Giang,2020.0,12.0,2020-12-01,57.79083440806278
An Giang,2020.0,12.0,2020-12-01,62.80690317764779
Ben Tre,2020.0,12.0,2020-12-01,61.7862893795126
Dong Thap,2020.0,12.0,2020-12-01,72.51080803266761
Kien Giang,2020.0,12.0,2020-12-01,63.06142765226054
Long An,2020.0,12.0,2020-12-01,82.84867580610077
Tien Giang,2020.0,12.0,2020-12-01,65.12415888148678
Soc Trang,2021.0,1.0,2021-01-01,7.00246094213673
Tra Vinh,2021.0,1.0,2021-01-01,3.8826972289391457
Vinh Long,2021.0,1.0,2021-01-01,5.277229889666689
Bac Lieu,2021.0,1.0,2021-01-01,9.185870454379954
Ca Mau,2021.0,1.0,2021-01-01,10.490216828950821
Can Tho city,2021.0,1.0,2021-01-01,9.681620798310535
Hau Giang,2021.0,1.0,2021-01-01,10.292734570215366
An Giang,2021.0,1.0,2021-01-01,8.733183478913272
Ben Tre,2021.0,1.0,2021-01-01,3.571556701723455
Dong Thap,2021.0,1.0,2021-01-01,7.833649809652444
Kien Giang,2021.0,1.0,2021-01-01,10.75479725793908
Long An,2021.0,1.0,2021-01-01,7.848337767410996
Tien Giang,2021.0,1.0,2021-01-01,4.817005550521142
Soc Trang,2021.0,2.0,2021-02-01,8.436590070308043
Tra Vinh,2021.0,2.0,2021-02-01,1.5845681262979951
Vinh Long,2021.0,2.0,2021-02-01,5.306031952266095
Bac Lieu,2021.0,2.0,2021-02-01,8.070706196631617
Ca Mau,2021.0,2.0,2021-02-01,6.901527944343441
Can Tho city,2021.0,2.0,2021-02-01,6.500320478788213
Hau Giang,2021.0,2.0,2021-02-01,8.057090813811365
An Giang,2021.0,2.0,2021-02-01,11.238409914571086
Ben Tre,2021.0,2.0,2021-02-01,2.9996623809210265
Dong Thap,2021.0,2.0,2021-02-01,7.594600072798479
Kien Giang,2021.0,2.0,2021-02-01,11.765638032835946
Long An,2021.0,2.0,2021-02-01,6.127485318399017
Tien Giang,2021.0,2.0,2021-02-01,5.239015018844481
Soc Trang,2021.0,3.0,2021-03-01,9.999135047491423
Tra Vinh,2021.0,3.0,2021-03-01,1.7621915618779782
Vinh Long,2021.0,3.0,2021-03-01,1.5340843530510184
Bac Lieu,2021.0,3.0,2021-03-01,16.1031344458152
Ca Mau,2021.0,3.0,2021-03-01,19.403608125534983
Can Tho city,2021.0,3.0,2021-03-01,8.75905218020908
Hau Giang,2021.0,3.0,2021-03-01,13.75367571381933
An Giang,2021.0,3.0,2021-03-01,10.618381749471366
Ben Tre,2021.0,3.0,2021-03-01,1.2114551150370074
Dong Thap,2021.0,3.0,2021-03-01,6.743310444264842
Kien Giang,2021.0,3.0,2021-03-01,18.60233050645634
Long An,2021.0,3.0,2021-03-01,5.89829875016361
Tien Giang,2021.0,3.0,2021-03-01,3.211500577917422
Soc Trang,2021.0,4.0,2021-04-01,164.03759699003433
Tra Vinh,2021.0,4.0,2021-04-01,114.24377973797002
Vinh Long,2021.0,4.0,2021-04-01,154.27797567529916
Bac Lieu,2021.0,4.0,2021-04-01,195.9440140538245
Ca Mau,2021.0,4.0,2021-04-01,215.60327031674683
Can Tho city,2021.0,4.0,2021-04-01,174.3694540082936
Hau Giang,2021.0,4.0,2021-04-01,200.351070777163
An Giang,2021.0,4.0,2021-04-01,189.81361664005524
Ben Tre,2021.0,4.0,2021-04-01,108.79242919561604
Dong Thap,2021.0,4.0,2021-04-01,178.90826116063434
Kien Giang,2021.0,4.0,2021-04-01,240.1868852894819
Long An,2021.0,4.0,2021-04-01,201.70437373520252
Tien Giang,2021.0,4.0,2021-04-01,148.4148028444246
Soc Trang,2021.0,5.0,2021-05-01,209.1241360914204
Tra Vinh,2021.0,5.0,2021-05-01,193.02465594286957
Vinh Long,2021.0,5.0,2021-05-01,214.26678022633885
Bac Lieu,2021.0,5.0,2021-05-01,230.58854048761327
Ca Mau,2021.0,5.0,2021-05-01,251.45780661945187
Can Tho city,2021.0,5.0,2021-05-01,224.5557103704347
Hau Giang,2021.0,5.0,2021-05-01,240.5061006660923
An Giang,2021.0,5.0,2021-05-01,212.83765446804824
Ben Tre,2021.0,5.0,2021-05-01,196.08578492788487
Dong Thap,2021.0,5.0,2021-05-01,213.3672072574899
Kien Giang,2021.0,5.0,2021-05-01,278.32226905417406
Long An,2021.0,5.0,2021-05-01,255.27969136923574
Tien Giang,2021.0,5.0,2021-05-01,218.49222006758387
Soc Trang,2021.0,6.0,2021-06-01,163.97954680208528
Tra Vinh,2021.0,6.0,2021-06-01,129.14712896117277
Vinh Long,2021.0,6.0,2021-06-01,156.61205090418304
Bac Lieu,2021.0,6.0,2021-06-01,189.16964348026397
Ca Mau,2021.0,6.0,2021-06-01,195.0764697536023
Can Tho city,2021.0,6.0,2021-06-01,150.70279214427342
Hau Giang,2021.0,6.0,2021-06-01,168.02868714493633
An Giang,2021.0,6.0,2021-06-01,122.08555426636852
Ben Tre,2021.0,6.0,2021-06-01,141.33009366099972
Dong Thap,2021.0,6.0,2021-06-01,122.89898125624191
Kien Giang,2021.0,6.0,2021-06-01,178.89462647281042
Long An,2021.0,6.0,2021-06-01,152.55160305038174
Tien Giang,2021.0,6.0,2021-06-01,147.99563086265596
Soc Trang,2021.0,7.0,2021-07-01,251.8825206401588
Tra Vinh,2021.0,7.0,2021-07-01,179.62350416427964
Vinh Long,2021.0,7.0,2021-07-01,221.05351341720893
Bac Lieu,2021.0,7.0,2021-07-01,278.91107253472774
Ca Mau,2021.0,7.0,2021-07-01,323.0301235309398
Can Tho city,2021.0,7.0,2021-07-01,252.78098606578735
Hau Giang,2021.0,7.0,2021-07-01,304.853517470748
An Giang,2021.0,7.0,2021-07-01,212.1395344139311
Ben Tre,2021.0,7.0,2021-07-01,166.16733378315078
Dong Thap,2021.0,7.0,2021-07-01,184.22128199826
Kien Giang,2021.0,7.0,2021-07-01,361.96135792051666
Long An,2021.0,7.0,2021-07-01,220.8117627168676
Tien Giang,2021.0,7.0,2021-07-01,194.5075214709732
Soc Trang,2021.0,8.0,2021-08-01,265.96545240473847
Tra Vinh,2021.0,8.0,2021-08-01,221.42365052119388
Vinh Long,2021.0,8.0,2021-08-01,218.28537322504351
Bac Lieu,2021.0,8.0,2021-08-01,337.02866285823364
Ca Mau,2021.0,8.0,2021-08-01,330.6126556129371
Can Tho city,2021.0,8.0,2021-08-01,214.33623295939873
Hau Giang,2021.0,8.0,2021-08-01,275.1031736728687
An Giang,2021.0,8.0,2021-08-01,158.8635592087658
Ben Tre,2021.0,8.0,2021-08-01,178.62506443128026
Dong Thap,2021.0,8.0,2021-08-01,166.9872442304169
Kien Giang,2021.0,8.0,2021-08-01,300.65127429956095
Long An,2021.0,8.0,2021-08-01,217.61957236543375
Tien Giang,2021.0,8.0,2021-08-01,186.367319140981
Soc Trang,2021.0,9.0,2021-09-01,302.62103950778965
Tra Vinh,2021.0,9.0,2021-09-01,273.07459571706704
Vinh Long,2021.0,9.0,2021-09-01,283.93313757165214
Bac Lieu,2021.0,9.0,2021-09-01,324.98508101201537
Ca Mau,2021.0,9.0,2021-09-01,341.5358326446791
Can Tho city,2021.0,9.0,2021-09-01,262.63330173168845
Hau Giang,2021.0,9.0,2021-09-01,309.7637256904927
An Giang,2021.0,9.0,2021-09-01,222.86419029477992
Ben Tre,2021.0,9.0,2021-09-01,256.7985087106091
Dong Thap,2021.0,9.0,2021-09-01,226.9725650398808
Kien Giang,2021.0,9.0,2021-09-01,337.9281756311379
Long An,2021.0,9.0,2021-09-01,302.7766105243389
Tien Giang,2021.0,9.0,2021-09-01,277.4735256873269
Soc Trang,2021.0,10.0,2021-10-01,278.8864243509497
Tra Vinh,2021.0,10.0,2021-10-01,283.96704890052206
Vinh Long,2021.0,10.0,2021-10-01,267.2009093494138
Bac Lieu,2021.0,10.0,2021-10-01,279.2091375784056
Ca Mau,2021.0,10.0,2021-10-01,288.4924546418739
Can Tho city,2021.0,10.0,2021-10-01,280.8686308523232
Hau Giang,2021.0,10.0,2021-10-01,278.3566597473122
An Giang,2021.0,10.0,2021-10-01,279.8972913683493
Ben Tre,2021.0,10.0,2021-10-01,307.6810480920021
Dong Thap,2021.0,10.0,2021-10-01,275.50972533872215
Kien Giang,2021.0,10.0,2021-10-01,314.23486588630664
Long An,2021.0,10.0,2021-10-01,354.1208546303278
Tien Giang,2021.0,10.0,2021-10-01,338.32972231911447
Soc Trang,2021.0,11.0,2021-11-01,220.55983783390369
Tra Vinh,2021.0,11.0,2021-11-01,185.27856015402045
Vinh Long,2021.0,11.0,2021-11-01,189.0884840148349
Bac Lieu,2021.0,11.0,2021-11-01,231.70161150175286
Ca Mau,2021.0,11.0,2021-11-01,264.19052780139003
Can Tho city,2021.0,11.0,2021-11-01,214.6010764467441
Hau Giang,2021.0,11.0,2021-11-01,224.5146533164461
An Giang,2021.0,11.0,2021-11-01,232.12236829162123
Ben Tre,2021.0,11.0,2021-11-01,161.0351023494746
Dong Thap,2021.0,11.0,2021-11-01,217.42354918044703
Kien Giang,2021.0,11.0,2021-11-01,240.3426911310845
Long An,2021.0,11.0,2021-11-01,151.4487593610742
Tien Giang,2021.0,11.0,2021-11-01,147.78924800352698
Soc Trang,2021.0,12.0,2021-12-01,18.574013438100458
Tra Vinh,2021.0,12.0,2021-12-01,18.276484689645617
Vinh Long,2021.0,12.0,2021-12-01,20.137183371376995
Bac Lieu,2021.0,12.0,2021-12-01,26.963053495177995
Ca Mau,2021.0,12.0,2021-12-01,42.959836920777185
Can Tho city,2021.0,12.0,2021-12-01,16.236586234892314
Hau Giang,2021.0,12.0,2021-12-01,18.467547273326357
An Giang,2021.0,12.0,2021-12-01,23.092087203815524
Ben Tre,2021.0,12.0,2021-12-01,19.656156097206
Dong Thap,2021.0,12.0,2021-12-01,18.21184574597532
Kien Giang,2021.0,12.0,2021-12-01,28.300781320294735
Long An,2021.0,12.0,2021-12-01,18.746815152275516
Tien Giang,2021.0,12.0,2021-12-01,16.96393950357963
Soc Trang,2022.0,1.0,2022-01-01,1.586322372943593
Tra Vinh,2022.0,1.0,2022-01-01,1.1280946804890353
Vinh Long,2022.0,1.0,2022-01-01,0.002687726995093043
Bac Lieu,2022.0,1.0,2022-01-01,5.007244330634861
Ca Mau,2022.0,1.0,2022-01-01,7.030382659342291
Can Tho city,2022.0,1.0,2022-01-01,0.3116162347251532
Hau Giang,2022.0,1.0,2022-01-01,1.5186631787931895
An Giang,2022.0,1.0,2022-01-01,3.511888013797769
Ben Tre,2022.0,1.0,2022-01-01,0.3753849571146181
Dong Thap,2022.0,1.0,2022-01-01,1.669033640182378
Kien Giang,2022.0,1.0,2022-01-01,5.724733287231879
Long An,2022.0,1.0,2022-01-01,3.801235613862409
Tien Giang,2022.0,1.0,2022-01-01,0.1655609334037724
Soc Trang,2022.0,2.0,2022-02-01,7.21512708245119
Tra Vinh,2022.0,2.0,2022-02-01,4.136262083318543
Vinh Long,2022.0,2.0,2022-02-01,6.3477259042851415
Bac Lieu,2022.0,2.0,2022-02-01,8.305312856621033
Ca Mau,2022.0,2.0,2022-02-01,9.948470409149154
Can Tho city,2022.0,2.0,2022-02-01,9.729310971623732
Hau Giang,2022.0,2.0,2022-02-01,8.864726384973821
An Giang,2022.0,2.0,2022-02-01,19.314708843687967
Ben Tre,2022.0,2.0,2022-02-01,5.861684812535756
Dong Thap,2022.0,2.0,2022-02-01,11.899676754702298
Kien Giang,2022.0,2.0,2022-02-01,20.460613300647463
Long An,2022.0,2.0,2022-02-01,11.851422232585415
Tien Giang,2022.0,2.0,2022-02-01,7.739932836642395
Soc Trang,2022.0,3.0,2022-03-01,47.98107318127944
Tra Vinh,2022.0,3.0,2022-03-01,32.86104256157009
Vinh Long,2022.0,3.0,2022-03-01,34.326753823889774
Bac Lieu,2022.0,3.0,2022-03-01,59.5589643605168
Ca Mau,2022.0,3.0,2022-03-01,71.00714446980467
Can Tho city,2022.0,3.0,2022-03-01,70.26476912828632
Hau Giang,2022.0,3.0,2022-03-01,69.22311080900037
An Giang,2022.0,3.0,2022-03-01,121.8625483833769
Ben Tre,2022.0,3.0,2022-03-01,35.89691756197785
Dong Thap,2022.0,3.0,2022-03-01,89.93195063801453
Kien Giang,2022.0,3.0,2022-03-01,116.79586749112752
Long An,2022.0,3.0,2022-03-01,86.56422244095518
Tien Giang,2022.0,3.0,2022-03-01,47.504702530784186
Soc Trang,2022.0,4.0,2022-04-01,79.4165087745577
Tra Vinh,2022.0,4.0,2022-04-01,50.76914644352841
Vinh Long,2022.0,4.0,2022-04-01,71.24232479196704
Bac Lieu,2022.0,4.0,2022-04-01,119.1641413987628
Ca Mau,2022.0,4.0,2022-04-01,160.05770480648357
Can Tho city,2022.0,4.0,2022-04-01,106.59724623960666
Hau Giang,2022.0,4.0,2022-04-01,114.71033782837509
An Giang,2022.0,4.0,2022-04-01,156.05318418672817
Ben Tre,2022.0,4.0,2022-04-01,44.72023000328638
Dong Thap,2022.0,4.0,2022-04-01,130.2592676089184
Kien Giang,2022.0,4.0,2022-04-01,186.88471140413563
Long An,2022.0,4.0,2022-04-01,124.09014196604618
Tien Giang,2022.0,4.0,2022-04-01,79.68358449891667
Soc Trang,2022.0,5.0,2022-05-01,257.0712523444656
Tra Vinh,2022.0,5.0,2022-05-01,245.52197075636929
Vinh Long,2022.0,5.0,2022-05-01,220.22472538427516
Bac Lieu,2022.0,5.0,2022-05-01,259.48549111106377
Ca Mau,2022.0,5.0,2022-05-01,257.9238149202411
Can Tho city,2022.0,5.0,2022-05-01,189.32451878886692
Hau Giang,2022.0,5.0,2022-05-01,232.6510981857157
An Giang,2022.0,5.0,2022-05-01,154.84430897363808
Ben Tre,2022.0,5.0,2022-05-01,227.45050098408518
Dong Thap,2022.0,5.0,2022-05-01,167.42497107775932
Kien Giang,2022.0,5.0,2022-05-01,214.40929440531485
Long An,2022.0,5.0,2022-05-01,214.82185926272953
Tien Giang,2022.0,5.0,2022-05-01,217.7875600851364
Soc Trang,2022.0,6.0,2022-06-01,160.94015211227412
Tra Vinh,2022.0,6.0,2022-06-01,143.78616779246886
Vinh Long,2022.0,6.0,2022-06-01,187.43529278714928
Bac Lieu,2022.0,6.0,2022-06-01,180.5288911455552
Ca Mau,2022.0,6.0,2022-06-01,184.8583299897716
Can Tho city,2022.0,6.0,2022-06-01,188.01911483445008
Hau Giang,2022.0,6.0,2022-06-01,197.9141674903994
An Giang,2022.0,6.0,2022-06-01,143.29154339033337
Ben Tre,2022.0,6.0,2022-06-01,151.14267481766646
Dong Thap,2022.0,6.0,2022-06-01,165.190675433584
Kien Giang,2022.0,6.0,2022-06-01,188.72944242178662
Long An,2022.0,6.0,2022-06-01,215.84188696663327
Tien Giang,2022.0,6.0,2022-06-01,179.50163395828127
Soc Trang,2022.0,7.0,2022-07-01,401.6907669202898
Tra Vinh,2022.0,7.0,2022-07-01,295.2917356137542
Vinh Long,2022.0,7.0,2022-07-01,297.3178340516102
Bac Lieu,2022.0,7.0,2022-07-01,402.8630497974245
Ca Mau,2022.0,7.0,2022-07-01,432.92542408513236
Can Tho city,2022.0,7.0,2022-07-01,282.09431771913404
Hau Giang,2022.0,7.0,2022-07-01,423.7475826358308
An Giang,2022.0,7.0,2022-07-01,247.1499928650539
Ben Tre,2022.0,7.0,2022-07-01,241.25099407150518
Dong Thap,2022.0,7.0,2022-07-01,214.27904653660727
Kien Giang,2022.0,7.0,2022-07-01,414.3292316975391
Long An,2022.0,7.0,2022-07-01,265.15177264692767
Tien Giang,2022.0,7.0,2022-07-01,261.07960785321563
Soc Trang,2022.0,8.0,2022-08-01,257.7177738548858
Tra Vinh,2022.0,8.0,2022-08-01,229.58621642401945
Vinh Long,2022.0,8.0,2022-08-01,214.5467674061773
Bac Lieu,2022.0,8.0,2022-08-01,285.53842926450574
Ca Mau,2022.0,8.0,2022-08-01,263.8085409540987
Can Tho city,2022.0,8.0,2022-08-01,212.01034592276307
Hau Giang,2022.0,8.0,2022-08-01,272.4823237658163
An Giang,2022.0,8.0,2022-08-01,173.13380683944115
Ben Tre,2022.0,8.0,2022-08-01,197.1025112665215
Dong Thap,2022.0,8.0,2022-08-01,165.95616889265244
Kien Giang,2022.0,8.0,2022-08-01,295.40637076579213
Long An,2022.0,8.0,2022-08-01,198.94624907505974
Tien Giang,2022.0,8.0,2022-08-01,188.54042479719638
Soc Trang,2022.0,9.0,2022-09-01,305.4488030152936
Tra Vinh,2022.0,9.0,2022-09-01,241.67065941483375
Vinh Long,2022.0,9.0,2022-09-01,225.1608579295655
Bac Lieu,2022.0,9.0,2022-09-01,349.32487603846494
Ca Mau,2022.0,9.0,2022-09-01,365.15404861095703
Can Tho city,2022.0,9.0,2022-09-01,234.77512450564782
Hau Giang,2022.0,9.0,2022-09-01,269.0952003157469
An Giang,2022.0,9.0,2022-09-01,224.22370697078387
Ben Tre,2022.0,9.0,2022-09-01,210.07297221664032
Dong Thap,2022.0,9.0,2022-09-01,214.65667851859686
Kien Giang,2022.0,9.0,2022-09-01,308.42427255781985
Long An,2022.0,9.0,2022-09-01,265.2896958213762
Tien Giang,2022.0,9.0,2022-09-01,229.06764584232945
Soc Trang,2022.0,10.0,2022-10-01,289.8620988101902
Tra Vinh,2022.0,10.0,2022-10-01,331.5070092243196
Vinh Long,2022.0,10.0,2022-10-01,258.69302166642626
Bac Lieu,2022.0,10.0,2022-10-01,259.4377275091726
Ca Mau,2022.0,10.0,2022-10-01,270.1897171465936
Can Tho city,2022.0,10.0,2022-10-01,230.0461752741574
Hau Giang,2022.0,10.0,2022-10-01,245.07093920173045
An Giang,2022.0,10.0,2022-10-01,232.29702639397087
Ben Tre,2022.0,10.0,2022-10-01,329.7626362294331
Dong Thap,2022.0,10.0,2022-10-01,254.58853067430297
Kien Giang,2022.0,10.0,2022-10-01,236.72288104858083
Long An,2022.0,10.0,2022-10-01,320.7117444156884
Tien Giang,2022.0,10.0,2022-10-01,311.3523859156409
Soc Trang,2022.0,11.0,2022-11-01,276.61316864739644
Tra Vinh,2022.0,11.0,2022-11-01,228.9934708003597
Vinh Long,2022.0,11.0,2022-11-01,242.24877166617762
Bac Lieu,2022.0,11.0,2022-11-01,300.6522227481697
Ca Mau,2022.0,11.0,2022-11-01,300.35648059250155
Can Tho city,2022.0,11.0,2022-11-01,244.78866181132145
Hau Giang,2022.0,11.0,2022-11-01,275.02933571508345
An Giang,2022.0,11.0,2022-11-01,208.09836796523692
Ben Tre,2022.0,11.0,2022-11-01,195.83911285024897
Dong Thap,2022.0,11.0,2022-11-01,211.02044503002125
Kien Giang,2022.0,11.0,2022-11-01,232.06192865243705
Long An,2022.0,11.0,2022-11-01,178.08148758832507
Tien Giang,2022.0,11.0,2022-11-01,174.97292366481003
Soc Trang,2022.0,12.0,2022-12-01,49.0789062749402
Tra Vinh,2022.0,12.0,2022-12-01,49.555124640423855
Vinh Long,2022.0,12.0,2022-12-01,55.743676448787824
Bac Lieu,2022.0,12.0,2022-12-01,62.440628673600685
Ca Mau,2022.0,12.0,2022-12-01,77.11822223147253
Can Tho city,2022.0,12.0,2022-12-01,54.58872568464838
Hau Giang,2022.0,12.0,2022-12-01,58.91315133472063
An Giang,2022.0,12.0,2022-12-01,48.054968141161076
Ben Tre,2022.0,12.0,2022-12-01,61.26873692750338
Dong Thap,2022.0,12.0,2022-12-01,54.20011128429098
Kien Giang,2022.0,12.0,2022-12-01,56.44651250777577
Long An,2022.0,12.0,2022-12-01,57.92132781311309
Tien Giang,2022.0,12.0,2022-12-01,51.85214933671079
Soc Trang,2023.0,1.0,2023-01-01,21.984587829399732
Tra Vinh,2023.0,1.0,2023-01-01,16.541939215816925
Vinh Long,2023.0,1.0,2023-01-01,20.08160706829856
Bac Lieu,2023.0,1.0,2023-01-01,33.7754775080247
Ca Mau,2023.0,1.0,2023-01-01,37.04457116029805
Can Tho city,2023.0,1.0,2023-01-01,27.911807976646173
Hau Giang,2023.0,1.0,2023-01-01,29.991033411709385
An Giang,2023.0,1.0,2023-01-01,29.145907429612446
Ben Tre,2023.0,1.0,2023-01-01,17.09769604834191
Dong Thap,2023.0,1.0,2023-01-01,26.272524292103608
Kien Giang,2023.0,1.0,2023-01-01,42.598318431873174
Long An,2023.0,1.0,2023-01-01,25.68130570188934
Tien Giang,2023.0,1.0,2023-01-01,18.013845309375803
Soc Trang,2023.0,2.0,2023-02-01,11.559318511550972
Tra Vinh,2023.0,2.0,2023-02-01,6.793682219165699
Vinh Long,2023.0,2.0,2023-02-01,9.17099575083367
Bac Lieu,2023.0,2.0,2023-02-01,12.787028298119074
Ca Mau,2023.0,2.0,2023-02-01,16.610577780974854
Can Tho city,2023.0,2.0,2023-02-01,11.053309682144036
Hau Giang,2023.0,2.0,2023-02-01,12.541947480352968
An Giang,2023.0,2.0,2023-02-01,15.528279814444442
Ben Tre,2023.0,2.0,2023-02-01,7.425597510945013
Dong Thap,2023.0,2.0,2023-02-01,11.952093968622052
Kien Giang,2023.0,2.0,2023-02-01,20.054025935614177
Long An,2023.0,2.0,2023-02-01,10.386685634947616
Tien Giang,2023.0,2.0,2023-02-01,9.246840381960123
Soc Trang,2023.0,3.0,2023-03-01,8.02542776788354
Tra Vinh,2023.0,3.0,2023-03-01,4.553846823911364
Vinh Long,2023.0,3.0,2023-03-01,4.140139215563525
Bac Lieu,2023.0,3.0,2023-03-01,8.758660627216473
Ca Mau,2023.0,3.0,2023-03-01,9.113848268551974
Can Tho city,2023.0,3.0,2023-03-01,3.2214108953630354
Hau Giang,2023.0,3.0,2023-03-01,10.61021999372223
An Giang,2023.0,3.0,2023-03-01,7.226068920142598
Ben Tre,2023.0,3.0,2023-03-01,3.8417621817449734
Dong Thap,2023.0,3.0,2023-03-01,5.0845064309536125
Kien Giang,2023.0,3.0,2023-03-01,10.197806439200749
Long An,2023.0,3.0,2023-03-01,5.682944465760647
Tien Giang,2023.0,3.0,2023-03-01,4.129740892537995
Soc Trang,2023.0,4.0,2023-04-01,49.15336307815044
Tra Vinh,2023.0,4.0,2023-04-01,26.353515016145682
Vinh Long,2023.0,4.0,2023-04-01,36.2316682874898
Bac Lieu,2023.0,4.0,2023-04-01,66.5982459075025
Ca Mau,2023.0,4.0,2023-04-01,73.44121333174596
Can Tho city,2023.0,4.0,2023-04-01,66.43205516605266
Hau Giang,2023.0,4.0,2023-04-01,61.33132602479075
An Giang,2023.0,4.0,2023-04-01,83.1203726838042
Ben Tre,2023.0,4.0,2023-04-01,20.805331369223413
Dong Thap,2023.0,4.0,2023-04-01,61.407995112556335
Kien Giang,2023.0,4.0,2023-04-01,96.08796350134655
Long An,2023.0,4.0,2023-04-01,54.54331741329641
Tien Giang,2023.0,4.0,2023-04-01,33.283462192947646
Soc Trang,2023.0,5.0,2023-05-01,176.94660578086726
Tra Vinh,2023.0,5.0,2023-05-01,145.83584351256448
Vinh Long,2023.0,5.0,2023-05-01,135.23620751034963
Bac Lieu,2023.0,5.0,2023-05-01,190.18984496735348
Ca Mau,2023.0,5.0,2023-05-01,182.30218312847103
Can Tho city,2023.0,5.0,2023-05-01,128.0261276474091
Hau Giang,2023.0,5.0,2023-05-01,172.9089106317569
An Giang,2023.0,5.0,2023-05-01,134.18697810423086
Ben Tre,2023.0,5.0,2023-05-01,131.68416047524968
Dong Thap,2023.0,5.0,2023-05-01,137.8883771348071
Kien Giang,2023.0,5.0,2023-05-01,153.11112436336649
Long An,2023.0,5.0,2023-05-01,173.60953472961566
Tien Giang,2023.0,5.0,2023-05-01,148.6847081809488
Soc Trang,2023.0,6.0,2023-06-01,215.8896345293217
Tra Vinh,2023.0,6.0,2023-06-01,200.6196473568261
Vinh Long,2023.0,6.0,2023-06-01,196.64390564809443
Bac Lieu,2023.0,6.0,2023-06-01,221.36350204283357
Ca Mau,2023.0,6.0,2023-06-01,202.92474842276414
Can Tho city,2023.0,6.0,2023-06-01,172.71704038744994
Hau Giang,2023.0,6.0,2023-06-01,202.74864331692208
An Giang,2023.0,6.0,2023-06-01,143.18050449641225
Ben Tre,2023.0,6.0,2023-06-01,194.98770099131198
Dong Thap,2023.0,6.0,2023-06-01,148.80484201263127
Kien Giang,2023.0,6.0,2023-06-01,209.74244248490007
Long An,2023.0,6.0,2023-06-01,219.73022075071592
Tien Giang,2023.0,6.0,2023-06-01,205.99373956055413
Soc Trang,2023.0,7.0,2023-07-01,475.92900620832313
Tra Vinh,2023.0,7.0,2023-07-01,377.43006841756653
Vinh Long,2023.0,7.0,2023-07-01,393.6571650151954
Bac Lieu,2023.0,7.0,2023-07-01,461.2803358067631
Ca Mau,2023.0,7.0,2023-07-01,472.18625596424033
Can Tho city,2023.0,7.0,2023-07-01,394.52099479257424
Hau Giang,2023.0,7.0,2023-07-01,497.3243696572786
An Giang,2023.0,7.0,2023-07-01,282.10291248087066
Ben Tre,2023.0,7.0,2023-07-01,324.6999267771713
Dong Thap,2023.0,7.0,2023-07-01,263.1493426892365
Kien Giang,2023.0,7.0,2023-07-01,498.34430442502327
Long An,2023.0,7.0,2023-07-01,345.07893872274303
Tien Giang,2023.0,7.0,2023-07-01,341.12713283883653
Soc Trang,2023.0,8.0,2023-08-01,209.20406368919436
Tra Vinh,2023.0,8.0,2023-08-01,198.3241995056228
Vinh Long,2023.0,8.0,2023-08-01,196.11383295033747
Bac Lieu,2023.0,8.0,2023-08-01,234.82142849640996
Ca Mau,2023.0,8.0,2023-08-01,227.00803114577096
Can Tho city,2023.0,8.0,2023-08-01,172.76280442006907
Hau Giang,2023.0,8.0,2023-08-01,209.07793667854796
An Giang,2023.0,8.0,2023-08-01,138.38329670152228
Ben Tre,2023.0,8.0,2023-08-01,175.89715186551865
Dong Thap,2023.0,8.0,2023-08-01,142.84096921567382
Kien Giang,2023.0,8.0,2023-08-01,214.39106634978083
Long An,2023.0,8.0,2023-08-01,183.56845534711488
Tien Giang,2023.0,8.0,2023-08-01,181.92673708422961
Soc Trang,2023.0,9.0,2023-09-01,284.13675621933163
Tra Vinh,2023.0,9.0,2023-09-01,238.11268530866462
Vinh Long,2023.0,9.0,2023-09-01,215.65345240188864
Bac Lieu,2023.0,9.0,2023-09-01,338.2426193955869
Ca Mau,2023.0,9.0,2023-09-01,372.7398821988421
Can Tho city,2023.0,9.0,2023-09-01,232.79304292163397
Hau Giang,2023.0,9.0,2023-09-01,296.0366266927041
An Giang,2023.0,9.0,2023-09-01,205.68437775682193
Ben Tre,2023.0,9.0,2023-09-01,192.24239137353788
Dong Thap,2023.0,9.0,2023-09-01,187.2833295513792
Kien Giang,2023.0,9.0,2023-09-01,322.33207364189144
Long An,2023.0,9.0,2023-09-01,235.68746732230335
Tien Giang,2023.0,9.0,2023-09-01,198.14618598934481
Soc Trang,2023.0,10.0,2023-10-01,243.24889775121716
Tra Vinh,2023.0,10.0,2023-10-01,252.3944642595966
Vinh Long,2023.0,10.0,2023-10-01,251.13013664375228
Bac Lieu,2023.0,10.0,2023-10-01,250.4254192786958
Ca Mau,2023.0,10.0,2023-10-01,273.216431558962
Can Tho city,2023.0,10.0,2023-10-01,254.71319224456647
Hau Giang,2023.0,10.0,2023-10-01,245.50098951041332
An Giang,2023.0,10.0,2023-10-01,256.47390946975526
Ben Tre,2023.0,10.0,2023-10-01,255.46958200658966
Dong Thap,2023.0,10.0,2023-10-01,254.0864599015362
Kien Giang,2023.0,10.0,2023-10-01,271.26772311919825
Long An,2023.0,10.0,2023-10-01,290.2422068094365
Tien Giang,2023.0,10.0,2023-10-01,256.5034121696208
Soc Trang,2023.0,11.0,2023-11-01,169.73251732593363
Tra Vinh,2023.0,11.0,2023-11-01,132.70651585767473
Vinh Long,2023.0,11.0,2023-11-01,129.32884279806012
Bac Lieu,2023.0,11.0,2023-11-01,202.91840644018555
Ca Mau,2023.0,11.0,2023-11-01,280.5286605598545
Can Tho city,2023.0,11.0,2023-11-01,162.1129245752472
Hau Giang,2023.0,11.0,2023-11-01,164.27085046782156
An Giang,2023.0,11.0,2023-11-01,169.26481730790127
Ben Tre,2023.0,11.0,2023-11-01,101.93178384127405
Dong Thap,2023.0,11.0,2023-11-01,160.60436994090833
Kien Giang,2023.0,11.0,2023-11-01,168.58675828801395
Long An,2023.0,11.0,2023-11-01,131.79229833145732
Tien Giang,2023.0,11.0,2023-11-01,108.63301399807577
Soc Trang,2023.0,12.0,2023-12-01,31.118742428468376
Tra Vinh,2023.0,12.0,2023-12-01,30.7850776407623
Vinh Long,2023.0,12.0,2023-12-01,27.77893332471111
Bac Lieu,2023.0,12.0,2023-12-01,36.57883599744676
Ca Mau,2023.0,12.0,2023-12-01,46.542646075082516
Can Tho city,2023.0,12.0,2023-12-01,24.01911695049501
Hau Giang,2023.0,12.0,2023-12-01,35.494111659039426
An Giang,2023.0,12.0,2023-12-01,18.805601993205425
Ben Tre,2023.0,12.0,2023-12-01,33.39980644646648
Dong Thap,2023.0,12.0,2023-12-01,18.567574393613373
Kien Giang,2023.0,12.0,2023-12-01,29.5909548230868
Long An,2023.0,12.0,2023-12-01,25.92011207659366
Tien Giang,2023.0,12.0,2023-12-01,29.17231648193964
Soc Trang,2024.0,1.0,2024-01-01,7.149523101057318
Tra Vinh,2024.0,1.0,2024-01-01,6.378365710054174
Vinh Long,2024.0,1.0,2024-01-01,5.753701653090277
Bac Lieu,2024.0,1.0,2024-01-01,11.007252990888992
Ca Mau,2024.0,1.0,2024-01-01,19.189686331864195
Can Tho city,2024.0,1.0,2024-01-01,11.085949324292642
Hau Giang,2024.0,1.0,2024-01-01,9.732307784571312
An Giang,2024.0,1.0,2024-01-01,10.804079151376412
Ben Tre,2024.0,1.0,2024-01-01,5.7125123231554005
Dong Thap,2024.0,1.0,2024-01-01,10.14644626266604
Kien Giang,2024.0,1.0,2024-01-01,14.446198798990808
Long An,2024.0,1.0,2024-01-01,11.974987324504214
Tien Giang,2024.0,1.0,2024-01-01,6.957436018633493
Soc Trang,2024.0,2.0,2024-02-01,0.40595066555327963
Tra Vinh,2024.0,2.0,2024-02-01,0.08178699419629999
Vinh Long,2024.0,2.0,2024-02-01,0.0
Bac Lieu,2024.0,2.0,2024-02-01,0.024792818194709576
Ca Mau,2024.0,2.0,2024-02-01,0.02417722778726056
Can Tho city,2024.0,2.0,2024-02-01,0.0
Hau Giang,2024.0,2.0,2024-02-01,0.05839896826585491
An Giang,2024.0,2.0,2024-02-01,0.48354590169736417
Ben Tre,2024.0,2.0,2024-02-01,1.2208300949976063
Dong Thap,2024.0,2.0,2024-02-01,0.17423013133861007
Kien Giang,2024.0,2.0,2024-02-01,0.27382794558998225
Long An,2024.0,2.0,2024-02-01,0.671860262581049
Tien Giang,2024.0,2.0,2024-02-01,1.6082058769394665
Soc Trang,2024.0,3.0,2024-03-01,5.266749756726089
Tra Vinh,2024.0,3.0,2024-03-01,0.7905848216552196
Vinh Long,2024.0,3.0,2024-03-01,3.5806393832104946
Bac Lieu,2024.0,3.0,2024-03-01,10.242012408564873
Ca Mau,2024.0,3.0,2024-03-01,11.809797178591161
Can Tho city,2024.0,3.0,2024-03-01,11.64057815412468
Hau Giang,2024.0,3.0,2024-03-01,9.026367903262459
An Giang,2024.0,3.0,2024-03-01,19.449561900408312
Ben Tre,2024.0,3.0,2024-03-01,2.929560608904634
Dong Thap,2024.0,3.0,2024-03-01,13.190049487173923
Kien Giang,2024.0,3.0,2024-03-01,20.39757059824253
Long An,2024.0,3.0,2024-03-01,8.05225937925799
Tien Giang,2024.0,3.0,2024-03-01,6.154002669299708
Soc Trang,2024.0,4.0,2024-04-01,8.087997052806996
Tra Vinh,2024.0,4.0,2024-04-01,3.7653867848020286
Vinh Long,2024.0,4.0,2024-04-01,4.538125705861043
Bac Lieu,2024.0,4.0,2024-04-01,8.629949982599449
Ca Mau,2024.0,4.0,2024-04-01,9.916740004033008
Can Tho city,2024.0,4.0,2024-04-01,7.517104178573989
Hau Giang,2024.0,4.0,2024-04-01,10.325414556983306
An Giang,2024.0,4.0,2024-04-01,6.833840574988716
Ben Tre,2024.0,4.0,2024-04-01,2.2841007146050347
Dong Thap,2024.0,4.0,2024-04-01,6.606381293853883
Kien Giang,2024.0,4.0,2024-04-01,8.336059348173826
Long An,2024.0,4.0,2024-04-01,5.662641654882057
Tien Giang,2024.0,4.0,2024-04-01,2.7675469485510384
Soc Trang,2024.0,5.0,2024-05-01,226.95004340689678
Tra Vinh,2024.0,5.0,2024-05-01,192.70488123654917
Vinh Long,2024.0,5.0,2024-05-01,195.49955968381425
Bac Lieu,2024.0,5.0,2024-05-01,239.52830825435274
Ca Mau,2024.0,5.0,2024-05-01,241.12434236152913
Can Tho city,2024.0,5.0,2024-05-01,175.18640513895627
Hau Giang,2024.0,5.0,2024-05-01,212.02860370854071
An Giang,2024.0,5.0,2024-05-01,162.2833666011793
Ben Tre,2024.0,5.0,2024-05-01,184.98163922161174
Dong Thap,2024.0,5.0,2024-05-01,164.8138231492521
Kien Giang,2024.0,5.0,2024-05-01,212.20096580415023
Long An,2024.0,5.0,2024-05-01,208.49389134165793
Tien Giang,2024.0,5.0,2024-05-01,192.47015171279338
Soc Trang,2024.0,6.0,2024-06-01,271.576361792543
Tra Vinh,2024.0,6.0,2024-06-01,251.47732953720728
Vinh Long,2024.0,6.0,2024-06-01,205.0529770949372
Bac Lieu,2024.0,6.0,2024-06-01,306.12317164980726
Ca Mau,2024.0,6.0,2024-06-01,361.0386736377871
Can Tho city,2024.0,6.0,2024-06-01,197.43142431110007
Hau Giang,2024.0,6.0,2024-06-01,235.11473474333974
An Giang,2024.0,6.0,2024-06-01,174.45137959402248
Ben Tre,2024.0,6.0,2024-06-01,215.58477838826548
Dong Thap,2024.0,6.0,2024-06-01,155.0161315763484
Kien Giang,2024.0,6.0,2024-06-01,284.3855269130797
Long An,2024.0,6.0,2024-06-01,182.10596667446592
Tien Giang,2024.0,6.0,2024-06-01,184.27126668997914
Soc Trang,2024.0,7.0,2024-07-01,455.27224070469
Tra Vinh,2024.0,7.0,2024-07-01,374.5127873542042
Vinh Long,2024.0,7.0,2024-07-01,315.54019546120924
Bac Lieu,2024.0,7.0,2024-07-01,437.66231673254
Ca Mau,2024.0,7.0,2024-07-01,474.850586537168
Can Tho city,2024.0,7.0,2024-07-01,318.6625193343588
Hau Giang,2024.0,7.0,2024-07-01,415.47802040553523
An Giang,2024.0,7.0,2024-07-01,278.93438256590167
Ben Tre,2024.0,7.0,2024-07-01,303.6640247191034
Dong Thap,2024.0,7.0,2024-07-01,225.738426155313
Kien Giang,2024.0,7.0,2024-07-01,470.0765224247275
Long An,2024.0,7.0,2024-07-01,289.2980551317839
Tien Giang,2024.0,7.0,2024-07-01,250.05306178371924
Soc Trang,2024.0,8.0,2024-08-01,227.55641527032665
Tra Vinh,2024.0,8.0,2024-08-01,205.4030026369552
Vinh Long,2024.0,8.0,2024-08-01,221.9295585387152
Bac Lieu,2024.0,8.0,2024-08-01,276.76049902353986
Ca Mau,2024.0,8.0,2024-08-01,284.61251159430964
Can Tho city,2024.0,8.0,2024-08-01,197.9705941142274
Hau Giang,2024.0,8.0,2024-08-01,250.5706234470201
An Giang,2024.0,8.0,2024-08-01,156.9478306571448
Ben Tre,2024.0,8.0,2024-08-01,191.06482606442253
Dong Thap,2024.0,8.0,2024-08-01,160.9181879616921
Kien Giang,2024.0,8.0,2024-08-01,263.0203994325632
Long An,2024.0,8.0,2024-08-01,200.84128517286422
Tien Giang,2024.0,8.0,2024-08-01,196.8934270171675
Soc Trang,2024.0,9.0,2024-09-01,361.11223369577215
Tra Vinh,2024.0,9.0,2024-09-01,315.69497937203914
Vinh Long,2024.0,9.0,2024-09-01,285.38457975587636
Bac Lieu,2024.0,9.0,2024-09-01,478.0915747452718
Ca Mau,2024.0,9.0,2024-09-01,559.4639768198103
Can Tho city,2024.0,9.0,2024-09-01,277.1793909576323
Hau Giang,2024.0,9.0,2024-09-01,353.1066937281157
An Giang,2024.0,9.0,2024-09-01,238.64977542522377
Ben Tre,2024.0,9.0,2024-09-01,264.32568059745444
Dong Thap,2024.0,9.0,2024-09-01,212.6073170961822
Kien Giang,2024.0,9.0,2024-09-01,435.04563513998636
Long An,2024.0,9.0,2024-09-01,264.5115913695103
Tien Giang,2024.0,9.0,2024-09-01,253.04031230856992
Soc Trang,2024.0,10.0,2024-10-01,408.9237792367689
Tra Vinh,2024.0,10.0,2024-10-01,391.76797648601183
Vinh Long,2024.0,10.0,2024-10-01,423.6338845629704
Bac Lieu,2024.0,10.0,2024-10-01,401.9249372338881
Ca Mau,2024.0,10.0,2024-10-01,394.2614344960253
Can Tho city,2024.0,10.0,2024-10-01,365.8579253257491
Hau Giang,2024.0,10.0,2024-10-01,382.50538643446345
An Giang,2024.0,10.0,2024-10-01,313.0650810271666
Ben Tre,2024.0,10.0,2024-10-01,411.03343528207415
Dong Thap,2024.0,10.0,2024-10-01,319.6397792164852
Kien Giang,2024.0,10.0,2024-10-01,370.1495861307931
Long An,2024.0,10.0,2024-10-01,346.2135595957141
Tien Giang,2024.0,10.0,2024-10-01,406.2701250434722
Soc Trang,2024.0,11.0,2024-11-01,166.80567686341885
Tra Vinh,2024.0,11.0,2024-11-01,141.5657004965719
Vinh Long,2024.0,11.0,2024-11-01,143.5744200269449
Bac Lieu,2024.0,11.0,2024-11-01,175.72153645611758
Ca Mau,2024.0,11.0,2024-11-01,179.29597116808637
Can Tho city,2024.0,11.0,2024-11-01,130.9183672561179
Hau Giang,2024.0,11.0,2024-11-01,149.5258437593607
An Giang,2024.0,11.0,2024-11-01,90.95114641042008
Ben Tre,2024.0,11.0,2024-11-01,125.61470722853218
Dong Thap,2024.0,11.0,2024-11-01,106.6639846384721
Kien Giang,2024.0,11.0,2024-11-01,119.77877550990445
Long An,2024.0,11.0,2024-11-01,126.02337017627768
Tien Giang,2024.0,11.0,2024-11-01,122.77533006588914
Soc Trang,2024.0,12.0,2024-12-01,76.35643057804965
Tra Vinh,2024.0,12.0,2024-12-01,75.42463179294677
Vinh Long,2024.0,12.0,2024-12-01,87.31735605543923
Bac Lieu,2024.0,12.0,2024-12-01,95.90336543967312
Ca Mau,2024.0,12.0,2024-12-01,101.17872085748137
Can Tho city,2024.0,12.0,2024-12-01,86.96403450653382
Hau Giang,2024.0,12.0,2024-12-01,88.85739318591393
An Giang,2024.0,12.0,2024-12-01,75.24209840228895
Ben Tre,2024.0,12.0,2024-12-01,89.39526317982047
Dong Thap,2024.0,12.0,2024-12-01,82.43153288813777
Kien Giang,2024.0,12.0,2024-12-01,87.5574348432634
Long An,2024.0,12.0,2024-12-01,87.44372582662297
Tien Giang,2024.0,12.0,2024-12-01,84.14986318163416
